Using pre-set license
Built from '2022.3/staging' branch; Version is '2022.3.19f1 (244b723c30a6) revision 2378610'; Using compiler version '192829333'; Build Type 'Release'
OS: 'Windows 11  (10.0.22631) 64bit CoreSingleLanguage' Language: 'en' Physical Memory: 32513 MB
BatchMode: 1, IsHumanControllingUs: 0, StartBugReporterOnCrash: 0, Is64bit: 1, IsPro: 1

COMMAND LINE ARGUMENTS:
C:\Program Files\Unity\Hub\Editor\2022.3.19f1\Editor\Unity.exe
-adb2
-batchMode
-noUpm
-name
AssetImportWorker0
-projectPath
C:/Users/mahdi/Desktop/EnsitVirtualVisit
-logFile
Logs/AssetImportWorker0.log
-srvPort
56191
Successfully changed project path to: C:/Users/mahdi/Desktop/EnsitVirtualVisit
C:/Users/mahdi/Desktop/EnsitVirtualVisit
[UnityMemory] Configuration Parameters - Can be set up in boot.config
    "memorysetup-bucket-allocator-granularity=16"
    "memorysetup-bucket-allocator-bucket-count=8"
    "memorysetup-bucket-allocator-block-size=33554432"
    "memorysetup-bucket-allocator-block-count=8"
    "memorysetup-main-allocator-block-size=16777216"
    "memorysetup-thread-allocator-block-size=16777216"
    "memorysetup-gfx-main-allocator-block-size=16777216"
    "memorysetup-gfx-thread-allocator-block-size=16777216"
    "memorysetup-cache-allocator-block-size=4194304"
    "memorysetup-typetree-allocator-block-size=2097152"
    "memorysetup-profiler-bucket-allocator-granularity=16"
    "memorysetup-profiler-bucket-allocator-bucket-count=8"
    "memorysetup-profiler-bucket-allocator-block-size=33554432"
    "memorysetup-profiler-bucket-allocator-block-count=8"
    "memorysetup-profiler-allocator-block-size=16777216"
    "memorysetup-profiler-editor-allocator-block-size=1048576"
    "memorysetup-temp-allocator-size-main=16777216"
    "memorysetup-job-temp-allocator-block-size=2097152"
    "memorysetup-job-temp-allocator-block-size-background=1048576"
    "memorysetup-job-temp-allocator-reduction-small-platforms=262144"
    "memorysetup-allocator-temp-initial-block-size-main=262144"
    "memorysetup-allocator-temp-initial-block-size-worker=262144"
    "memorysetup-temp-allocator-size-background-worker=32768"
    "memorysetup-temp-allocator-size-job-worker=262144"
    "memorysetup-temp-allocator-size-preload-manager=33554432"
    "memorysetup-temp-allocator-size-nav-mesh-worker=65536"
    "memorysetup-temp-allocator-size-audio-worker=65536"
    "memorysetup-temp-allocator-size-cloud-worker=32768"
    "memorysetup-temp-allocator-size-gi-baking-worker=262144"
    "memorysetup-temp-allocator-size-gfx=262144"
Player connection [5128] Host "[IP] 192.168.1.108 [Port] 0 [Flags] 2 [Guid] 2990793593 [EditorId] 2990793593 [Version] 1048832 [Id] WindowsEditor(7,MahdiHadjSassi) [Debug] 1 [PackageName] WindowsEditor [ProjectName] Editor" joined multi-casting on [225.0.0.222:54997]...

Player connection [5128] Host "[IP] 192.168.1.108 [Port] 0 [Flags] 2 [Guid] 2990793593 [EditorId] 2990793593 [Version] 1048832 [Id] WindowsEditor(7,MahdiHadjSassi) [Debug] 1 [PackageName] WindowsEditor [ProjectName] Editor" joined alternative multi-casting on [225.0.0.222:34997]...

[Physics::Module] Initialized MultithreadedJobDispatcher with 7 workers.
Refreshing native plugins compatible for Editor in 19.19 ms, found 3 plugins.
Preloading 0 native plugins for Editor in 0.00 ms.
Initialize engine version: 2022.3.19f1 (244b723c30a6)
[Subsystems] Discovering subsystems at path C:/Program Files/Unity/Hub/Editor/2022.3.19f1/Editor/Data/Resources/UnitySubsystems
[Subsystems] Discovering subsystems at path C:/Users/mahdi/Desktop/EnsitVirtualVisit/Assets
GfxDevice: creating device client; threaded=0; jobified=0
Direct3D:
    Version:  Direct3D 11.0 [level 11.1]
    Renderer: NVIDIA GeForce RTX 3050 Laptop GPU (ID=0x25a2)
    Vendor:   NVIDIA
    VRAM:     3977 MB
    Driver:   31.0.15.4626
Initialize mono
Mono path[0] = 'C:/Program Files/Unity/Hub/Editor/2022.3.19f1/Editor/Data/Managed'
Mono path[1] = 'C:/Program Files/Unity/Hub/Editor/2022.3.19f1/Editor/Data/MonoBleedingEdge/lib/mono/unityjit-win32'
Mono config path = 'C:/Program Files/Unity/Hub/Editor/2022.3.19f1/Editor/Data/MonoBleedingEdge/etc'
Using monoOptions --debugger-agent=transport=dt_socket,embedding=1,server=y,suspend=n,address=127.0.0.1:56636
Begin MonoManager ReloadAssembly
Registering precompiled unity dll's ...
Register platform support module: C:/Program Files/Unity/Hub/Editor/2022.3.19f1/Editor/Data/PlaybackEngines/WebGLSupport/UnityEditor.WebGL.Extensions.dll
Register platform support module: C:/Program Files/Unity/Hub/Editor/2022.3.19f1/Editor/Data/PlaybackEngines/WindowsStandaloneSupport/UnityEditor.WindowsStandalone.Extensions.dll
Registered in 0.005361 seconds.
- Loaded All Assemblies, in  1.489 seconds
Native extension for WindowsStandalone target not found
Native extension for WebGL target not found
Mono: successfully reloaded assembly
- Finished resetting the current domain, in  0.311 seconds
Domain Reload Profiling: 1799ms
	BeginReloadAssembly (162ms)
		ExecutionOrderSort (0ms)
		DisableScriptedObjects (0ms)
		BackupInstance (0ms)
		ReleaseScriptingObjects (0ms)
		CreateAndSetChildDomain (1ms)
	RebuildCommonClasses (302ms)
	RebuildNativeTypeToScriptingClass (11ms)
	initialDomainReloadingComplete (58ms)
	LoadAllAssembliesAndSetupDomain (955ms)
		LoadAssemblies (160ms)
		RebuildTransferFunctionScriptingTraits (0ms)
		AnalyzeDomain (953ms)
			TypeCache.Refresh (951ms)
				TypeCache.ScanAssembly (696ms)
			ScanForSourceGeneratedMonoScriptInfo (0ms)
			ResolveRequiredComponents (1ms)
	FinalizeReload (311ms)
		ReleaseScriptCaches (0ms)
		RebuildScriptCaches (0ms)
		SetupLoadedEditorAssemblies (242ms)
			LogAssemblyErrors (0ms)
			InitializePlatformSupportModulesInManaged (14ms)
			SetLoadedEditorAssemblies (5ms)
			RefreshPlugins (0ms)
			BeforeProcessingInitializeOnLoad (2ms)
			ProcessInitializeOnLoadAttributes (173ms)
			ProcessInitializeOnLoadMethodAttributes (48ms)
			AfterProcessingInitializeOnLoad (0ms)
			EditorAssembliesLoaded (0ms)
		ExecutionOrderSort2 (0ms)
		AwakeInstancesAfterBackupRestoration (0ms)
========================================================================
Worker process is ready to serve import requests
Begin MonoManager ReloadAssembly
Symbol file LoadedFromMemory is not a mono symbol file
- Loaded All Assemblies, in  2.381 seconds
Refreshing native plugins compatible for Editor in 3.29 ms, found 3 plugins.
Native extension for WindowsStandalone target not found
Native extension for WebGL target not found
Package Manager log level set to [2]
[Package Manager] Server::EnsureServerProcessIsRunning -- launch failed, reason: Unity was launched with the -noUpm command-line argument
[Package Manager] UpmClient::Send -- Unable to send message (not connected to UPM process).
[Package Manager] Cannot connect to Unity Package Manager local server
Mono: successfully reloaded assembly
- Finished resetting the current domain, in  0.689 seconds
Domain Reload Profiling: 3069ms
	BeginReloadAssembly (141ms)
		ExecutionOrderSort (0ms)
		DisableScriptedObjects (5ms)
		BackupInstance (0ms)
		ReleaseScriptingObjects (0ms)
		CreateAndSetChildDomain (21ms)
	RebuildCommonClasses (53ms)
	RebuildNativeTypeToScriptingClass (11ms)
	initialDomainReloadingComplete (40ms)
	LoadAllAssembliesAndSetupDomain (2134ms)
		LoadAssemblies (1699ms)
		RebuildTransferFunctionScriptingTraits (0ms)
		AnalyzeDomain (512ms)
			TypeCache.Refresh (483ms)
				TypeCache.ScanAssembly (413ms)
			ScanForSourceGeneratedMonoScriptInfo (21ms)
			ResolveRequiredComponents (6ms)
	FinalizeReload (689ms)
		ReleaseScriptCaches (0ms)
		RebuildScriptCaches (0ms)
		SetupLoadedEditorAssemblies (499ms)
			LogAssemblyErrors (0ms)
			InitializePlatformSupportModulesInManaged (9ms)
			SetLoadedEditorAssemblies (3ms)
			RefreshPlugins (0ms)
			BeforeProcessingInitializeOnLoad (67ms)
			ProcessInitializeOnLoadAttributes (383ms)
			ProcessInitializeOnLoadMethodAttributes (29ms)
			AfterProcessingInitializeOnLoad (7ms)
			EditorAssembliesLoaded (0ms)
		ExecutionOrderSort2 (0ms)
		AwakeInstancesAfterBackupRestoration (9ms)
Launched and connected shader compiler UnityShaderCompiler.exe after 0.06 seconds
Refreshing native plugins compatible for Editor in 2.81 ms, found 3 plugins.
Preloading 0 native plugins for Editor in 0.00 ms.
Unloading 3948 Unused Serialized files (Serialized files now loaded: 0)
Unloading 46 unused Assets / (33.4 KB). Loaded Objects now: 4449.
Memory consumption went from 164.4 MB to 164.4 MB.
Total: 4.065000 ms (FindLiveObjects: 0.370300 ms CreateObjectMapping: 0.280000 ms MarkObjects: 3.326000 ms  DeleteObjects: 0.087300 ms)

AssetImportParameters requested are different than current active one (requested -> active):
  custom:container-demuxer-ogg: 62fdf1f143b41e24485cea50d1cbac27 -> 
  custom:video-codec-MediaFoundation-h265: 746d11721c4dcdbdad8f713fa42b33f4 -> 
  custom:video-decoder-ogg-theora: a1e56fd34408186e4bbccfd4996cb3dc -> 
  custom:framework-win-MediaFoundation: 216162199b28c13a410421893ffa2e32 -> 
  custom:CustomObjectIndexerAttribute: 6d391050e5a25f67b0a2c618074f2cd9 -> 
  custom:container-demuxer-webm: 4f35f7cbe854078d1ac9338744f61a02 -> 
  custom:container-muxer-webm: aa71ff27fc2769a1b78a27578f13a17b -> 
  custom:video-decoder-webm-vp8: 9c59270c3fd7afecdb556c50c9e8de78 -> 
  custom:SearchIndexIgnoredProperties: e643bd26f0fe6173181afceb89e7c659 -> 
  custom:AudioImporter_EditorPlatform: d09bf68614088b80899f8185d706f6e7 -> 
  custom:video-encoder-webm-vp8: eb34c28f22e8b96e1ab97ce403110664 -> 
  custom:audio-decoder-ogg-vorbis: bf7c407c2cedff20999df2af8eb42d56 -> 
  custom:audio-encoder-webm-vorbis: bf7c407c2cedff20999df2af8eb42d56 -> 
========================================================================
Received Import Request.
  Time since last request: 365097.472754 seconds.
  path: Assets/Prefabs/3d-model 3.prefab
  artifactKey: Guid(98c5c329f60b4144e941b69a87286bfa) Importer(815301076,1909f56bfc062723c751e8b465ee728b)
Start importing Assets/Prefabs/3d-model 3.prefab using Guid(98c5c329f60b4144e941b69a87286bfa) Importer(815301076,1909f56bfc062723c751e8b465ee728b)  -> (artifact id: '633f3bcc955da7daea7402063135df27') in 0.136134 seconds
Number of updated asset objects reloaded before import = 0
Number of asset objects unloaded after import = 141
========================================================================
Received Import Request.
  Time since last request: 0.000032 seconds.
  path: Assets/Prefabs/Affiches.prefab
  artifactKey: Guid(7a41252d72d53f240abc0db6b37e1638) Importer(815301076,1909f56bfc062723c751e8b465ee728b)
Start importing Assets/Prefabs/Affiches.prefab using Guid(7a41252d72d53f240abc0db6b37e1638) Importer(815301076,1909f56bfc062723c751e8b465ee728b)  -> (artifact id: 'f938a8eb92f610529da9cb7535192b01') in 0.070683 seconds
Number of updated asset objects reloaded before import = 0
Number of asset objects unloaded after import = 372
========================================================================
Received Import Request.
  Time since last request: 0.000027 seconds.
  path: Assets/Prefabs/Stands.prefab
  artifactKey: Guid(da28605ed3fd7424ba64f003832f0188) Importer(815301076,1909f56bfc062723c751e8b465ee728b)
Start importing Assets/Prefabs/Stands.prefab using Guid(da28605ed3fd7424ba64f003832f0188) Importer(815301076,1909f56bfc062723c751e8b465ee728b)  -> (artifact id: '395341cd8f95c5dd93edc63d5ed1e303') in 0.127829 seconds
Number of updated asset objects reloaded before import = 0
Number of asset objects unloaded after import = 1826
========================================================================
Received Import Request.
  Time since last request: 0.000024 seconds.
  path: Assets/Prefabs/3d-model 1 1.prefab
  artifactKey: Guid(fe542ac83c34b544192c048eb89e051e) Importer(815301076,1909f56bfc062723c751e8b465ee728b)
Start importing Assets/Prefabs/3d-model 1 1.prefab using Guid(fe542ac83c34b544192c048eb89e051e) Importer(815301076,1909f56bfc062723c751e8b465ee728b)  -> (artifact id: 'd3fe86b26617fbe2bede51fc486d8c50') in 0.072208 seconds
Number of updated asset objects reloaded before import = 0
Number of asset objects unloaded after import = 620
========================================================================
Received Import Request.
  Time since last request: 0.000059 seconds.
  path: Assets/Prefabs/pop-up-banner-stand 1.prefab
  artifactKey: Guid(74d1f7b6cbda3ac4dab6e7a7da439303) Importer(815301076,1909f56bfc062723c751e8b465ee728b)
Start importing Assets/Prefabs/pop-up-banner-stand 1.prefab using Guid(74d1f7b6cbda3ac4dab6e7a7da439303) Importer(815301076,1909f56bfc062723c751e8b465ee728b)  -> (artifact id: '136e2d4a81cf2914bba56c32fcc09be4') in 0.024849 seconds
Number of updated asset objects reloaded before import = 0
Number of asset objects unloaded after import = 110
========================================================================
Received Import Request.
  Time since last request: 0.000034 seconds.
  path: Assets/Prefabs/ENSIT.prefab
  artifactKey: Guid(bd30b5642d4193f45b60df5b507c813a) Importer(815301076,1909f56bfc062723c751e8b465ee728b)
Start importing Assets/Prefabs/ENSIT.prefab using Guid(bd30b5642d4193f45b60df5b507c813a) Importer(815301076,1909f56bfc062723c751e8b465ee728b)  -> (artifact id: '3b3f0443f0e336bfc203e710ab1dfea7') in 0.838136 seconds
Number of updated asset objects reloaded before import = 0
Number of asset objects unloaded after import = 6445
========================================================================
Received Prepare
Begin MonoManager ReloadAssembly
Symbol file LoadedFromMemory is not a mono symbol file
- Loaded All Assemblies, in  0.440 seconds
Refreshing native plugins compatible for Editor in 2.78 ms, found 3 plugins.
Native extension for WindowsStandalone target not found
Native extension for WebGL target not found
[Package Manager] Server::EnsureServerProcessIsRunning -- launch failed, reason: Unity was launched with the -noUpm command-line argument
[Package Manager] UpmClient::Send -- Unable to send message (not connected to UPM process).
[Package Manager] Cannot connect to Unity Package Manager local server
Mono: successfully reloaded assembly
- Finished resetting the current domain, in  0.803 seconds
Domain Reload Profiling: 1240ms
	BeginReloadAssembly (139ms)
		ExecutionOrderSort (0ms)
		DisableScriptedObjects (4ms)
		BackupInstance (0ms)
		ReleaseScriptingObjects (0ms)
		CreateAndSetChildDomain (36ms)
	RebuildCommonClasses (32ms)
	RebuildNativeTypeToScriptingClass (10ms)
	initialDomainReloadingComplete (31ms)
	LoadAllAssembliesAndSetupDomain (225ms)
		LoadAssemblies (269ms)
		RebuildTransferFunctionScriptingTraits (0ms)
		AnalyzeDomain (27ms)
			TypeCache.Refresh (12ms)
				TypeCache.ScanAssembly (2ms)
			ScanForSourceGeneratedMonoScriptInfo (8ms)
			ResolveRequiredComponents (5ms)
	FinalizeReload (803ms)
		ReleaseScriptCaches (0ms)
		RebuildScriptCaches (0ms)
		SetupLoadedEditorAssemblies (343ms)
			LogAssemblyErrors (0ms)
			InitializePlatformSupportModulesInManaged (6ms)
			SetLoadedEditorAssemblies (3ms)
			RefreshPlugins (0ms)
			BeforeProcessingInitializeOnLoad (56ms)
			ProcessInitializeOnLoadAttributes (248ms)
			ProcessInitializeOnLoadMethodAttributes (27ms)
			AfterProcessingInitializeOnLoad (4ms)
			EditorAssembliesLoaded (0ms)
		ExecutionOrderSort2 (0ms)
		AwakeInstancesAfterBackupRestoration (6ms)
Refreshing native plugins compatible for Editor in 3.76 ms, found 3 plugins.
Preloading 0 native plugins for Editor in 0.00 ms.
Unloading 3916 Unused Serialized files (Serialized files now loaded: 0)
Unloading 30 unused Assets / (33.8 KB). Loaded Objects now: 4464.
Memory consumption went from 166.2 MB to 166.1 MB.
Total: 2.410200 ms (FindLiveObjects: 0.279400 ms CreateObjectMapping: 0.126900 ms MarkObjects: 1.951500 ms  DeleteObjects: 0.051300 ms)

Prepare: number of updated asset objects reloaded= 0
AssetImportParameters requested are different than current active one (requested -> active):
  custom:container-demuxer-ogg: 62fdf1f143b41e24485cea50d1cbac27 -> 
  custom:video-codec-MediaFoundation-h265: 746d11721c4dcdbdad8f713fa42b33f4 -> 
  custom:video-decoder-ogg-theora: a1e56fd34408186e4bbccfd4996cb3dc -> 
  custom:framework-win-MediaFoundation: 216162199b28c13a410421893ffa2e32 -> 
  custom:CustomObjectIndexerAttribute: 6d391050e5a25f67b0a2c618074f2cd9 -> 
  custom:container-demuxer-webm: 4f35f7cbe854078d1ac9338744f61a02 -> 
  custom:container-muxer-webm: aa71ff27fc2769a1b78a27578f13a17b -> 
  custom:video-decoder-webm-vp8: 9c59270c3fd7afecdb556c50c9e8de78 -> 
  custom:SearchIndexIgnoredProperties: e643bd26f0fe6173181afceb89e7c659 -> 
  custom:AudioImporter_EditorPlatform: d09bf68614088b80899f8185d706f6e7 -> 
  custom:video-encoder-webm-vp8: eb34c28f22e8b96e1ab97ce403110664 -> 
  custom:audio-decoder-ogg-vorbis: bf7c407c2cedff20999df2af8eb42d56 -> 
  custom:audio-encoder-webm-vorbis: bf7c407c2cedff20999df2af8eb42d56 -> 
========================================================================
Received Prepare
Begin MonoManager ReloadAssembly
Symbol file LoadedFromMemory is not a mono symbol file
- Loaded All Assemblies, in  0.416 seconds
Refreshing native plugins compatible for Editor in 3.37 ms, found 3 plugins.
Native extension for WindowsStandalone target not found
Native extension for WebGL target not found
[Package Manager] Server::EnsureServerProcessIsRunning -- launch failed, reason: Unity was launched with the -noUpm command-line argument
[Package Manager] UpmClient::Send -- Unable to send message (not connected to UPM process).
[Package Manager] Cannot connect to Unity Package Manager local server
Mono: successfully reloaded assembly
- Finished resetting the current domain, in  0.817 seconds
Domain Reload Profiling: 1232ms
	BeginReloadAssembly (138ms)
		ExecutionOrderSort (0ms)
		DisableScriptedObjects (8ms)
		BackupInstance (0ms)
		ReleaseScriptingObjects (0ms)
		CreateAndSetChildDomain (30ms)
	RebuildCommonClasses (35ms)
	RebuildNativeTypeToScriptingClass (17ms)
	initialDomainReloadingComplete (34ms)
	LoadAllAssembliesAndSetupDomain (189ms)
		LoadAssemblies (248ms)
		RebuildTransferFunctionScriptingTraits (0ms)
		AnalyzeDomain (13ms)
			TypeCache.Refresh (5ms)
				TypeCache.ScanAssembly (0ms)
			ScanForSourceGeneratedMonoScriptInfo (0ms)
			ResolveRequiredComponents (6ms)
	FinalizeReload (817ms)
		ReleaseScriptCaches (0ms)
		RebuildScriptCaches (0ms)
		SetupLoadedEditorAssemblies (396ms)
			LogAssemblyErrors (0ms)
			InitializePlatformSupportModulesInManaged (7ms)
			SetLoadedEditorAssemblies (3ms)
			RefreshPlugins (0ms)
			BeforeProcessingInitializeOnLoad (65ms)
			ProcessInitializeOnLoadAttributes (293ms)
			ProcessInitializeOnLoadMethodAttributes (22ms)
			AfterProcessingInitializeOnLoad (4ms)
			EditorAssembliesLoaded (0ms)
		ExecutionOrderSort2 (0ms)
		AwakeInstancesAfterBackupRestoration (5ms)
Refreshing native plugins compatible for Editor in 4.89 ms, found 3 plugins.
Preloading 0 native plugins for Editor in 0.00 ms.
Unloading 3916 Unused Serialized files (Serialized files now loaded: 0)
Unloading 30 unused Assets / (34.0 KB). Loaded Objects now: 4467.
Memory consumption went from 168.1 MB to 168.1 MB.
Total: 3.443000 ms (FindLiveObjects: 0.311600 ms CreateObjectMapping: 0.202700 ms MarkObjects: 2.864500 ms  DeleteObjects: 0.063100 ms)

Prepare: number of updated asset objects reloaded= 0
AssetImportParameters requested are different than current active one (requested -> active):
  custom:container-demuxer-ogg: 62fdf1f143b41e24485cea50d1cbac27 -> 
  custom:video-codec-MediaFoundation-h265: 746d11721c4dcdbdad8f713fa42b33f4 -> 
  custom:video-decoder-ogg-theora: a1e56fd34408186e4bbccfd4996cb3dc -> 
  custom:framework-win-MediaFoundation: 216162199b28c13a410421893ffa2e32 -> 
  custom:CustomObjectIndexerAttribute: 6d391050e5a25f67b0a2c618074f2cd9 -> 
  custom:container-demuxer-webm: 4f35f7cbe854078d1ac9338744f61a02 -> 
  custom:container-muxer-webm: aa71ff27fc2769a1b78a27578f13a17b -> 
  custom:video-decoder-webm-vp8: 9c59270c3fd7afecdb556c50c9e8de78 -> 
  custom:SearchIndexIgnoredProperties: e643bd26f0fe6173181afceb89e7c659 -> 
  custom:AudioImporter_EditorPlatform: d09bf68614088b80899f8185d706f6e7 -> 
  custom:video-encoder-webm-vp8: eb34c28f22e8b96e1ab97ce403110664 -> 
  custom:audio-decoder-ogg-vorbis: bf7c407c2cedff20999df2af8eb42d56 -> 
  custom:audio-encoder-webm-vorbis: bf7c407c2cedff20999df2af8eb42d56 -> 
========================================================================
Received Prepare
Begin MonoManager ReloadAssembly
Symbol file LoadedFromMemory is not a mono symbol file
- Loaded All Assemblies, in  0.511 seconds
Refreshing native plugins compatible for Editor in 3.95 ms, found 3 plugins.
Native extension for WindowsStandalone target not found
Native extension for WebGL target not found
[Package Manager] Server::EnsureServerProcessIsRunning -- launch failed, reason: Unity was launched with the -noUpm command-line argument
[Package Manager] UpmClient::Send -- Unable to send message (not connected to UPM process).
[Package Manager] Cannot connect to Unity Package Manager local server
Mono: successfully reloaded assembly
- Finished resetting the current domain, in  0.774 seconds
Domain Reload Profiling: 1283ms
	BeginReloadAssembly (164ms)
		ExecutionOrderSort (0ms)
		DisableScriptedObjects (5ms)
		BackupInstance (0ms)
		ReleaseScriptingObjects (0ms)
		CreateAndSetChildDomain (42ms)
	RebuildCommonClasses (73ms)
	RebuildNativeTypeToScriptingClass (13ms)
	initialDomainReloadingComplete (39ms)
	LoadAllAssembliesAndSetupDomain (220ms)
		LoadAssemblies (282ms)
		RebuildTransferFunctionScriptingTraits (0ms)
		AnalyzeDomain (19ms)
			TypeCache.Refresh (6ms)
				TypeCache.ScanAssembly (0ms)
			ScanForSourceGeneratedMonoScriptInfo (0ms)
			ResolveRequiredComponents (11ms)
	FinalizeReload (774ms)
		ReleaseScriptCaches (0ms)
		RebuildScriptCaches (0ms)
		SetupLoadedEditorAssemblies (354ms)
			LogAssemblyErrors (0ms)
			InitializePlatformSupportModulesInManaged (5ms)
			SetLoadedEditorAssemblies (3ms)
			RefreshPlugins (0ms)
			BeforeProcessingInitializeOnLoad (57ms)
			ProcessInitializeOnLoadAttributes (257ms)
			ProcessInitializeOnLoadMethodAttributes (27ms)
			AfterProcessingInitializeOnLoad (4ms)
			EditorAssembliesLoaded (0ms)
		ExecutionOrderSort2 (0ms)
		AwakeInstancesAfterBackupRestoration (6ms)
Refreshing native plugins compatible for Editor in 3.02 ms, found 3 plugins.
Preloading 0 native plugins for Editor in 0.00 ms.
Unloading 3916 Unused Serialized files (Serialized files now loaded: 0)
Unloading 30 unused Assets / (34.0 KB). Loaded Objects now: 4470.
Memory consumption went from 170.0 MB to 170.0 MB.
Total: 3.592800 ms (FindLiveObjects: 0.298700 ms CreateObjectMapping: 0.131200 ms MarkObjects: 3.088800 ms  DeleteObjects: 0.072700 ms)

Prepare: number of updated asset objects reloaded= 0
AssetImportParameters requested are different than current active one (requested -> active):
  custom:container-demuxer-ogg: 62fdf1f143b41e24485cea50d1cbac27 -> 
  custom:video-codec-MediaFoundation-h265: 746d11721c4dcdbdad8f713fa42b33f4 -> 
  custom:video-decoder-ogg-theora: a1e56fd34408186e4bbccfd4996cb3dc -> 
  custom:framework-win-MediaFoundation: 216162199b28c13a410421893ffa2e32 -> 
  custom:CustomObjectIndexerAttribute: 6d391050e5a25f67b0a2c618074f2cd9 -> 
  custom:container-demuxer-webm: 4f35f7cbe854078d1ac9338744f61a02 -> 
  custom:container-muxer-webm: aa71ff27fc2769a1b78a27578f13a17b -> 
  custom:video-decoder-webm-vp8: 9c59270c3fd7afecdb556c50c9e8de78 -> 
  custom:SearchIndexIgnoredProperties: e643bd26f0fe6173181afceb89e7c659 -> 
  custom:AudioImporter_EditorPlatform: d09bf68614088b80899f8185d706f6e7 -> 
  custom:video-encoder-webm-vp8: eb34c28f22e8b96e1ab97ce403110664 -> 
  custom:audio-decoder-ogg-vorbis: bf7c407c2cedff20999df2af8eb42d56 -> 
  custom:audio-encoder-webm-vorbis: bf7c407c2cedff20999df2af8eb42d56 -> 
========================================================================
Received Prepare
Begin MonoManager ReloadAssembly
Symbol file LoadedFromMemory is not a mono symbol file
- Loaded All Assemblies, in  0.500 seconds
Refreshing native plugins compatible for Editor in 3.10 ms, found 3 plugins.
Native extension for WindowsStandalone target not found
Native extension for WebGL target not found
[Package Manager] Server::EnsureServerProcessIsRunning -- launch failed, reason: Unity was launched with the -noUpm command-line argument
[Package Manager] UpmClient::Send -- Unable to send message (not connected to UPM process).
[Package Manager] Cannot connect to Unity Package Manager local server
Mono: successfully reloaded assembly
- Finished resetting the current domain, in  0.751 seconds
Domain Reload Profiling: 1249ms
	BeginReloadAssembly (178ms)
		ExecutionOrderSort (0ms)
		DisableScriptedObjects (6ms)
		BackupInstance (0ms)
		ReleaseScriptingObjects (0ms)
		CreateAndSetChildDomain (46ms)
	RebuildCommonClasses (46ms)
	RebuildNativeTypeToScriptingClass (16ms)
	initialDomainReloadingComplete (24ms)
	LoadAllAssembliesAndSetupDomain (234ms)
		LoadAssemblies (297ms)
		RebuildTransferFunctionScriptingTraits (0ms)
		AnalyzeDomain (22ms)
			TypeCache.Refresh (9ms)
				TypeCache.ScanAssembly (1ms)
			ScanForSourceGeneratedMonoScriptInfo (6ms)
			ResolveRequiredComponents (6ms)
	FinalizeReload (751ms)
		ReleaseScriptCaches (0ms)
		RebuildScriptCaches (0ms)
		SetupLoadedEditorAssemblies (352ms)
			LogAssemblyErrors (0ms)
			InitializePlatformSupportModulesInManaged (6ms)
			SetLoadedEditorAssemblies (5ms)
			RefreshPlugins (0ms)
			BeforeProcessingInitializeOnLoad (66ms)
			ProcessInitializeOnLoadAttributes (253ms)
			ProcessInitializeOnLoadMethodAttributes (19ms)
			AfterProcessingInitializeOnLoad (3ms)
			EditorAssembliesLoaded (0ms)
		ExecutionOrderSort2 (0ms)
		AwakeInstancesAfterBackupRestoration (5ms)
Refreshing native plugins compatible for Editor in 2.58 ms, found 3 plugins.
Preloading 0 native plugins for Editor in 0.00 ms.
Unloading 3916 Unused Serialized files (Serialized files now loaded: 0)
Unloading 30 unused Assets / (33.9 KB). Loaded Objects now: 4473.
Memory consumption went from 172.0 MB to 172.0 MB.
Total: 2.564200 ms (FindLiveObjects: 0.274600 ms CreateObjectMapping: 0.120200 ms MarkObjects: 2.112800 ms  DeleteObjects: 0.055400 ms)

Prepare: number of updated asset objects reloaded= 0
AssetImportParameters requested are different than current active one (requested -> active):
  custom:container-demuxer-ogg: 62fdf1f143b41e24485cea50d1cbac27 -> 
  custom:video-codec-MediaFoundation-h265: 746d11721c4dcdbdad8f713fa42b33f4 -> 
  custom:video-decoder-ogg-theora: a1e56fd34408186e4bbccfd4996cb3dc -> 
  custom:framework-win-MediaFoundation: 216162199b28c13a410421893ffa2e32 -> 
  custom:CustomObjectIndexerAttribute: 6d391050e5a25f67b0a2c618074f2cd9 -> 
  custom:container-demuxer-webm: 4f35f7cbe854078d1ac9338744f61a02 -> 
  custom:container-muxer-webm: aa71ff27fc2769a1b78a27578f13a17b -> 
  custom:video-decoder-webm-vp8: 9c59270c3fd7afecdb556c50c9e8de78 -> 
  custom:SearchIndexIgnoredProperties: e643bd26f0fe6173181afceb89e7c659 -> 
  custom:AudioImporter_EditorPlatform: d09bf68614088b80899f8185d706f6e7 -> 
  custom:video-encoder-webm-vp8: eb34c28f22e8b96e1ab97ce403110664 -> 
  custom:audio-decoder-ogg-vorbis: bf7c407c2cedff20999df2af8eb42d56 -> 
  custom:audio-encoder-webm-vorbis: bf7c407c2cedff20999df2af8eb42d56 -> 
========================================================================
Received Prepare
Begin MonoManager ReloadAssembly
Symbol file LoadedFromMemory is not a mono symbol file
- Loaded All Assemblies, in  0.481 seconds
Refreshing native plugins compatible for Editor in 3.16 ms, found 3 plugins.
Native extension for WindowsStandalone target not found
Native extension for WebGL target not found
[Package Manager] Server::EnsureServerProcessIsRunning -- launch failed, reason: Unity was launched with the -noUpm command-line argument
[Package Manager] UpmClient::Send -- Unable to send message (not connected to UPM process).
[Package Manager] Cannot connect to Unity Package Manager local server
Mono: successfully reloaded assembly
- Finished resetting the current domain, in  0.814 seconds
Domain Reload Profiling: 1293ms
	BeginReloadAssembly (209ms)
		ExecutionOrderSort (0ms)
		DisableScriptedObjects (11ms)
		BackupInstance (0ms)
		ReleaseScriptingObjects (0ms)
		CreateAndSetChildDomain (53ms)
	RebuildCommonClasses (32ms)
	RebuildNativeTypeToScriptingClass (13ms)
	initialDomainReloadingComplete (32ms)
	LoadAllAssembliesAndSetupDomain (193ms)
		LoadAssemblies (277ms)
		RebuildTransferFunctionScriptingTraits (0ms)
		AnalyzeDomain (14ms)
			TypeCache.Refresh (6ms)
				TypeCache.ScanAssembly (0ms)
			ScanForSourceGeneratedMonoScriptInfo (0ms)
			ResolveRequiredComponents (6ms)
	FinalizeReload (815ms)
		ReleaseScriptCaches (0ms)
		RebuildScriptCaches (0ms)
		SetupLoadedEditorAssemblies (358ms)
			LogAssemblyErrors (0ms)
			InitializePlatformSupportModulesInManaged (6ms)
			SetLoadedEditorAssemblies (3ms)
			RefreshPlugins (0ms)
			BeforeProcessingInitializeOnLoad (77ms)
			ProcessInitializeOnLoadAttributes (240ms)
			ProcessInitializeOnLoadMethodAttributes (26ms)
			AfterProcessingInitializeOnLoad (5ms)
			EditorAssembliesLoaded (0ms)
		ExecutionOrderSort2 (0ms)
		AwakeInstancesAfterBackupRestoration (5ms)
Refreshing native plugins compatible for Editor in 2.67 ms, found 3 plugins.
Preloading 0 native plugins for Editor in 0.00 ms.
Unloading 3916 Unused Serialized files (Serialized files now loaded: 0)
Unloading 30 unused Assets / (33.9 KB). Loaded Objects now: 4476.
Memory consumption went from 173.9 MB to 173.9 MB.
Total: 2.649300 ms (FindLiveObjects: 0.278900 ms CreateObjectMapping: 0.116300 ms MarkObjects: 2.199800 ms  DeleteObjects: 0.053000 ms)

Prepare: number of updated asset objects reloaded= 0
AssetImportParameters requested are different than current active one (requested -> active):
  custom:container-demuxer-ogg: 62fdf1f143b41e24485cea50d1cbac27 -> 
  custom:video-codec-MediaFoundation-h265: 746d11721c4dcdbdad8f713fa42b33f4 -> 
  custom:video-decoder-ogg-theora: a1e56fd34408186e4bbccfd4996cb3dc -> 
  custom:framework-win-MediaFoundation: 216162199b28c13a410421893ffa2e32 -> 
  custom:CustomObjectIndexerAttribute: 6d391050e5a25f67b0a2c618074f2cd9 -> 
  custom:container-demuxer-webm: 4f35f7cbe854078d1ac9338744f61a02 -> 
  custom:container-muxer-webm: aa71ff27fc2769a1b78a27578f13a17b -> 
  custom:video-decoder-webm-vp8: 9c59270c3fd7afecdb556c50c9e8de78 -> 
  custom:SearchIndexIgnoredProperties: e643bd26f0fe6173181afceb89e7c659 -> 
  custom:AudioImporter_EditorPlatform: d09bf68614088b80899f8185d706f6e7 -> 
  custom:video-encoder-webm-vp8: eb34c28f22e8b96e1ab97ce403110664 -> 
  custom:audio-decoder-ogg-vorbis: bf7c407c2cedff20999df2af8eb42d56 -> 
  custom:audio-encoder-webm-vorbis: bf7c407c2cedff20999df2af8eb42d56 -> 
========================================================================
Received Prepare
Begin MonoManager ReloadAssembly
Symbol file LoadedFromMemory is not a mono symbol file
- Loaded All Assemblies, in  0.500 seconds
Refreshing native plugins compatible for Editor in 3.63 ms, found 3 plugins.
Native extension for WindowsStandalone target not found
Native extension for WebGL target not found
[Package Manager] Server::EnsureServerProcessIsRunning -- launch failed, reason: Unity was launched with the -noUpm command-line argument
[Package Manager] UpmClient::Send -- Unable to send message (not connected to UPM process).
[Package Manager] Cannot connect to Unity Package Manager local server
Mono: successfully reloaded assembly
- Finished resetting the current domain, in  0.831 seconds
Domain Reload Profiling: 1329ms
	BeginReloadAssembly (178ms)
		ExecutionOrderSort (0ms)
		DisableScriptedObjects (7ms)
		BackupInstance (0ms)
		ReleaseScriptingObjects (0ms)
		CreateAndSetChildDomain (46ms)
	RebuildCommonClasses (45ms)
	RebuildNativeTypeToScriptingClass (11ms)
	initialDomainReloadingComplete (27ms)
	LoadAllAssembliesAndSetupDomain (236ms)
		LoadAssemblies (288ms)
		RebuildTransferFunctionScriptingTraits (0ms)
		AnalyzeDomain (37ms)
			TypeCache.Refresh (13ms)
				TypeCache.ScanAssembly (2ms)
			ScanForSourceGeneratedMonoScriptInfo (9ms)
			ResolveRequiredComponents (13ms)
	FinalizeReload (832ms)
		ReleaseScriptCaches (0ms)
		RebuildScriptCaches (0ms)
		SetupLoadedEditorAssemblies (372ms)
			LogAssemblyErrors (0ms)
			InitializePlatformSupportModulesInManaged (6ms)
			SetLoadedEditorAssemblies (3ms)
			RefreshPlugins (0ms)
			BeforeProcessingInitializeOnLoad (68ms)
			ProcessInitializeOnLoadAttributes (268ms)
			ProcessInitializeOnLoadMethodAttributes (23ms)
			AfterProcessingInitializeOnLoad (4ms)
			EditorAssembliesLoaded (0ms)
		ExecutionOrderSort2 (0ms)
		AwakeInstancesAfterBackupRestoration (5ms)
Refreshing native plugins compatible for Editor in 4.39 ms, found 3 plugins.
Preloading 0 native plugins for Editor in 0.00 ms.
Unloading 3916 Unused Serialized files (Serialized files now loaded: 0)
Unloading 30 unused Assets / (33.9 KB). Loaded Objects now: 4479.
Memory consumption went from 175.8 MB to 175.8 MB.
Total: 2.358900 ms (FindLiveObjects: 0.252600 ms CreateObjectMapping: 0.120500 ms MarkObjects: 1.931700 ms  DeleteObjects: 0.053200 ms)

Prepare: number of updated asset objects reloaded= 0
AssetImportParameters requested are different than current active one (requested -> active):
  custom:container-demuxer-ogg: 62fdf1f143b41e24485cea50d1cbac27 -> 
  custom:video-codec-MediaFoundation-h265: 746d11721c4dcdbdad8f713fa42b33f4 -> 
  custom:video-decoder-ogg-theora: a1e56fd34408186e4bbccfd4996cb3dc -> 
  custom:framework-win-MediaFoundation: 216162199b28c13a410421893ffa2e32 -> 
  custom:CustomObjectIndexerAttribute: 6d391050e5a25f67b0a2c618074f2cd9 -> 
  custom:container-demuxer-webm: 4f35f7cbe854078d1ac9338744f61a02 -> 
  custom:container-muxer-webm: aa71ff27fc2769a1b78a27578f13a17b -> 
  custom:video-decoder-webm-vp8: 9c59270c3fd7afecdb556c50c9e8de78 -> 
  custom:SearchIndexIgnoredProperties: e643bd26f0fe6173181afceb89e7c659 -> 
  custom:AudioImporter_EditorPlatform: d09bf68614088b80899f8185d706f6e7 -> 
  custom:video-encoder-webm-vp8: eb34c28f22e8b96e1ab97ce403110664 -> 
  custom:audio-decoder-ogg-vorbis: bf7c407c2cedff20999df2af8eb42d56 -> 
  custom:audio-encoder-webm-vorbis: bf7c407c2cedff20999df2af8eb42d56 -> 
========================================================================
Received Prepare
Refreshing native plugins compatible for Editor in 4.36 ms, found 3 plugins.
Preloading 0 native plugins for Editor in 0.00 ms.
Unloading 0 Unused Serialized files (Serialized files now loaded: 0)
Unloading 0 unused Assets / (0 B). Loaded Objects now: 4479.
Memory consumption went from 115.7 MB to 115.7 MB.
Total: 4.169000 ms (FindLiveObjects: 0.315900 ms CreateObjectMapping: 0.175000 ms MarkObjects: 3.660900 ms  DeleteObjects: 0.015100 ms)

Prepare: number of updated asset objects reloaded= 0
AssetImportParameters requested are different than current active one (requested -> active):
  custom:container-demuxer-ogg: 62fdf1f143b41e24485cea50d1cbac27 -> 
  custom:video-codec-MediaFoundation-h265: 746d11721c4dcdbdad8f713fa42b33f4 -> 
  custom:video-decoder-ogg-theora: a1e56fd34408186e4bbccfd4996cb3dc -> 
  custom:framework-win-MediaFoundation: 216162199b28c13a410421893ffa2e32 -> 
  custom:CustomObjectIndexerAttribute: 6d391050e5a25f67b0a2c618074f2cd9 -> 
  custom:container-demuxer-webm: 4f35f7cbe854078d1ac9338744f61a02 -> 
  custom:container-muxer-webm: aa71ff27fc2769a1b78a27578f13a17b -> 
  custom:video-decoder-webm-vp8: 9c59270c3fd7afecdb556c50c9e8de78 -> 
  custom:SearchIndexIgnoredProperties: e643bd26f0fe6173181afceb89e7c659 -> 
  custom:AudioImporter_EditorPlatform: d09bf68614088b80899f8185d706f6e7 -> 
  custom:video-encoder-webm-vp8: eb34c28f22e8b96e1ab97ce403110664 -> 
  custom:audio-decoder-ogg-vorbis: bf7c407c2cedff20999df2af8eb42d56 -> 
  custom:audio-encoder-webm-vorbis: bf7c407c2cedff20999df2af8eb42d56 -> 
========================================================================
Received Prepare
Refreshing native plugins compatible for Editor in 5.70 ms, found 3 plugins.
Preloading 0 native plugins for Editor in 0.00 ms.
Unloading 0 Unused Serialized files (Serialized files now loaded: 0)
Unloading 0 unused Assets / (0 B). Loaded Objects now: 4479.
Memory consumption went from 115.3 MB to 115.3 MB.
Total: 4.218100 ms (FindLiveObjects: 0.541800 ms CreateObjectMapping: 0.400000 ms MarkObjects: 3.257800 ms  DeleteObjects: 0.017000 ms)

Prepare: number of updated asset objects reloaded= 0
AssetImportParameters requested are different than current active one (requested -> active):
  custom:container-demuxer-ogg: 62fdf1f143b41e24485cea50d1cbac27 -> 
  custom:video-codec-MediaFoundation-h265: 746d11721c4dcdbdad8f713fa42b33f4 -> 
  custom:video-decoder-ogg-theora: a1e56fd34408186e4bbccfd4996cb3dc -> 
  custom:framework-win-MediaFoundation: 216162199b28c13a410421893ffa2e32 -> 
  custom:CustomObjectIndexerAttribute: 6d391050e5a25f67b0a2c618074f2cd9 -> 
  custom:container-demuxer-webm: 4f35f7cbe854078d1ac9338744f61a02 -> 
  custom:container-muxer-webm: aa71ff27fc2769a1b78a27578f13a17b -> 
  custom:video-decoder-webm-vp8: 9c59270c3fd7afecdb556c50c9e8de78 -> 
  custom:SearchIndexIgnoredProperties: e643bd26f0fe6173181afceb89e7c659 -> 
  custom:AudioImporter_EditorPlatform: d09bf68614088b80899f8185d706f6e7 -> 
  custom:video-encoder-webm-vp8: eb34c28f22e8b96e1ab97ce403110664 -> 
  custom:audio-decoder-ogg-vorbis: bf7c407c2cedff20999df2af8eb42d56 -> 
  custom:audio-encoder-webm-vorbis: bf7c407c2cedff20999df2af8eb42d56 -> 
========================================================================
Received Prepare
Begin MonoManager ReloadAssembly
Symbol file LoadedFromMemory is not a mono symbol file
- Loaded All Assemblies, in  0.614 seconds
Refreshing native plugins compatible for Editor in 4.89 ms, found 3 plugins.
Native extension for WindowsStandalone target not found
Native extension for WebGL target not found
[Package Manager] Server::EnsureServerProcessIsRunning -- launch failed, reason: Unity was launched with the -noUpm command-line argument
[Package Manager] UpmClient::Send -- Unable to send message (not connected to UPM process).
[Package Manager] Cannot connect to Unity Package Manager local server
Mono: successfully reloaded assembly
- Finished resetting the current domain, in  0.774 seconds
Domain Reload Profiling: 1386ms
	BeginReloadAssembly (181ms)
		ExecutionOrderSort (0ms)
		DisableScriptedObjects (7ms)
		BackupInstance (0ms)
		ReleaseScriptingObjects (0ms)
		CreateAndSetChildDomain (40ms)
	RebuildCommonClasses (43ms)
	RebuildNativeTypeToScriptingClass (10ms)
	initialDomainReloadingComplete (31ms)
	LoadAllAssembliesAndSetupDomain (348ms)
		LoadAssemblies (317ms)
		RebuildTransferFunctionScriptingTraits (0ms)
		AnalyzeDomain (128ms)
			TypeCache.Refresh (106ms)
				TypeCache.ScanAssembly (95ms)
			ScanForSourceGeneratedMonoScriptInfo (15ms)
			ResolveRequiredComponents (5ms)
	FinalizeReload (774ms)
		ReleaseScriptCaches (0ms)
		RebuildScriptCaches (0ms)
		SetupLoadedEditorAssemblies (374ms)
			LogAssemblyErrors (0ms)
			InitializePlatformSupportModulesInManaged (8ms)
			SetLoadedEditorAssemblies (3ms)
			RefreshPlugins (0ms)
			BeforeProcessingInitializeOnLoad (67ms)
			ProcessInitializeOnLoadAttributes (267ms)
			ProcessInitializeOnLoadMethodAttributes (24ms)
			AfterProcessingInitializeOnLoad (4ms)
			EditorAssembliesLoaded (0ms)
		ExecutionOrderSort2 (0ms)
		AwakeInstancesAfterBackupRestoration (7ms)
Refreshing native plugins compatible for Editor in 2.83 ms, found 3 plugins.
Preloading 0 native plugins for Editor in 0.00 ms.
Unloading 3916 Unused Serialized files (Serialized files now loaded: 0)
Unloading 30 unused Assets / (33.8 KB). Loaded Objects now: 4482.
Memory consumption went from 177.7 MB to 177.7 MB.
Total: 2.397500 ms (FindLiveObjects: 0.251300 ms CreateObjectMapping: 0.104900 ms MarkObjects: 1.994900 ms  DeleteObjects: 0.044800 ms)

Prepare: number of updated asset objects reloaded= 0
AssetImportParameters requested are different than current active one (requested -> active):
  custom:container-demuxer-ogg: 62fdf1f143b41e24485cea50d1cbac27 -> 
  custom:video-codec-MediaFoundation-h265: 746d11721c4dcdbdad8f713fa42b33f4 -> 
  custom:video-decoder-ogg-theora: a1e56fd34408186e4bbccfd4996cb3dc -> 
  custom:framework-win-MediaFoundation: 216162199b28c13a410421893ffa2e32 -> 
  custom:CustomObjectIndexerAttribute: 6d391050e5a25f67b0a2c618074f2cd9 -> 
  custom:container-demuxer-webm: 4f35f7cbe854078d1ac9338744f61a02 -> 
  custom:container-muxer-webm: aa71ff27fc2769a1b78a27578f13a17b -> 
  custom:video-decoder-webm-vp8: 9c59270c3fd7afecdb556c50c9e8de78 -> 
  custom:SearchIndexIgnoredProperties: e643bd26f0fe6173181afceb89e7c659 -> 
  custom:AudioImporter_EditorPlatform: d09bf68614088b80899f8185d706f6e7 -> 
  custom:video-encoder-webm-vp8: eb34c28f22e8b96e1ab97ce403110664 -> 
  custom:audio-decoder-ogg-vorbis: bf7c407c2cedff20999df2af8eb42d56 -> 
  custom:audio-encoder-webm-vorbis: bf7c407c2cedff20999df2af8eb42d56 -> 
========================================================================
Received Prepare
Begin MonoManager ReloadAssembly
Symbol file LoadedFromMemory is not a mono symbol file
- Loaded All Assemblies, in  0.393 seconds
Refreshing native plugins compatible for Editor in 2.82 ms, found 3 plugins.
Native extension for WindowsStandalone target not found
Native extension for WebGL target not found
[Package Manager] Server::EnsureServerProcessIsRunning -- launch failed, reason: Unity was launched with the -noUpm command-line argument
[Package Manager] UpmClient::Send -- Unable to send message (not connected to UPM process).
[Package Manager] Cannot connect to Unity Package Manager local server
Mono: successfully reloaded assembly
- Finished resetting the current domain, in  0.767 seconds
Domain Reload Profiling: 1158ms
	BeginReloadAssembly (131ms)
		ExecutionOrderSort (0ms)
		DisableScriptedObjects (6ms)
		BackupInstance (0ms)
		ReleaseScriptingObjects (0ms)
		CreateAndSetChildDomain (33ms)
	RebuildCommonClasses (30ms)
	RebuildNativeTypeToScriptingClass (11ms)
	initialDomainReloadingComplete (28ms)
	LoadAllAssembliesAndSetupDomain (191ms)
		LoadAssemblies (241ms)
		RebuildTransferFunctionScriptingTraits (0ms)
		AnalyzeDomain (13ms)
			TypeCache.Refresh (6ms)
				TypeCache.ScanAssembly (0ms)
			ScanForSourceGeneratedMonoScriptInfo (0ms)
			ResolveRequiredComponents (5ms)
	FinalizeReload (767ms)
		ReleaseScriptCaches (0ms)
		RebuildScriptCaches (0ms)
		SetupLoadedEditorAssemblies (371ms)
			LogAssemblyErrors (0ms)
			InitializePlatformSupportModulesInManaged (7ms)
			SetLoadedEditorAssemblies (3ms)
			RefreshPlugins (0ms)
			BeforeProcessingInitializeOnLoad (63ms)
			ProcessInitializeOnLoadAttributes (274ms)
			ProcessInitializeOnLoadMethodAttributes (20ms)
			AfterProcessingInitializeOnLoad (5ms)
			EditorAssembliesLoaded (0ms)
		ExecutionOrderSort2 (0ms)
		AwakeInstancesAfterBackupRestoration (7ms)
Refreshing native plugins compatible for Editor in 3.07 ms, found 3 plugins.
Preloading 0 native plugins for Editor in 0.00 ms.
Unloading 3916 Unused Serialized files (Serialized files now loaded: 0)
Unloading 30 unused Assets / (34.0 KB). Loaded Objects now: 4485.
Memory consumption went from 179.7 MB to 179.6 MB.
Total: 4.801400 ms (FindLiveObjects: 0.393700 ms CreateObjectMapping: 0.157200 ms MarkObjects: 4.127200 ms  DeleteObjects: 0.121900 ms)

Prepare: number of updated asset objects reloaded= 0
AssetImportParameters requested are different than current active one (requested -> active):
  custom:container-demuxer-ogg: 62fdf1f143b41e24485cea50d1cbac27 -> 
  custom:video-codec-MediaFoundation-h265: 746d11721c4dcdbdad8f713fa42b33f4 -> 
  custom:video-decoder-ogg-theora: a1e56fd34408186e4bbccfd4996cb3dc -> 
  custom:framework-win-MediaFoundation: 216162199b28c13a410421893ffa2e32 -> 
  custom:CustomObjectIndexerAttribute: 6d391050e5a25f67b0a2c618074f2cd9 -> 
  custom:container-demuxer-webm: 4f35f7cbe854078d1ac9338744f61a02 -> 
  custom:container-muxer-webm: aa71ff27fc2769a1b78a27578f13a17b -> 
  custom:video-decoder-webm-vp8: 9c59270c3fd7afecdb556c50c9e8de78 -> 
  custom:SearchIndexIgnoredProperties: e643bd26f0fe6173181afceb89e7c659 -> 
  custom:AudioImporter_EditorPlatform: d09bf68614088b80899f8185d706f6e7 -> 
  custom:video-encoder-webm-vp8: eb34c28f22e8b96e1ab97ce403110664 -> 
  custom:audio-decoder-ogg-vorbis: bf7c407c2cedff20999df2af8eb42d56 -> 
  custom:audio-encoder-webm-vorbis: bf7c407c2cedff20999df2af8eb42d56 -> 
========================================================================
Received Import Request.
  Time since last request: 775.512605 seconds.
  path: Assets/avatarUrls.csv
  artifactKey: Guid(d9b104a68fcd4ccd9f3f409ea9b1a10d) Importer(2089858483,0ecaa5967403d082aa24f35e1b516d23)
Start importing Assets/avatarUrls.csv using Guid(d9b104a68fcd4ccd9f3f409ea9b1a10d) Importer(2089858483,0ecaa5967403d082aa24f35e1b516d23) Generated GUIDs only implemented for interfaces!
 -> (artifact id: '0e37202d1d85234cc890cd322a6a6575') in 0.091160 seconds
Number of updated asset objects reloaded before import = 0
Number of asset objects unloaded after import = 1
========================================================================
Received Import Request.
  Time since last request: 0.000027 seconds.
  path: Assets/ENSIT Bib/3d-model.fbx
  artifactKey: Guid(8e9abc31c7692a54fb13a805ab1fb222) Importer(2089858483,0ecaa5967403d082aa24f35e1b516d23)
Start importing Assets/ENSIT Bib/3d-model.fbx using Guid(8e9abc31c7692a54fb13a805ab1fb222) Importer(2089858483,0ecaa5967403d082aa24f35e1b516d23) Generated GUIDs only implemented for interfaces!
 -> (artifact id: 'f3052b9f8ba82aab32c65518aa58cfcc') in 0.185313 seconds
Number of updated asset objects reloaded before import = 0
Number of asset objects unloaded after import = 489
========================================================================
Received Import Request.
  Time since last request: 0.000046 seconds.
  path: Assets/Animations/license.txt
  artifactKey: Guid(6c051e83e766da64286753711fca5e66) Importer(2089858483,0ecaa5967403d082aa24f35e1b516d23)
Start importing Assets/Animations/license.txt using Guid(6c051e83e766da64286753711fca5e66) Importer(2089858483,0ecaa5967403d082aa24f35e1b516d23) Generated GUIDs only implemented for interfaces!
 -> (artifact id: '380d6675a6796498c561973833f6ad52') in 0.007054 seconds
Number of updated asset objects reloaded before import = 0
Number of asset objects unloaded after import = 1
========================================================================
Received Import Request.
  Time since last request: 0.000071 seconds.
  path: Assets/ENSIT Bib/uploads_files_4519231_Curtain+Set+M09.FBX
  artifactKey: Guid(2a517bba60d410c409e7166f45748b51) Importer(2089858483,0ecaa5967403d082aa24f35e1b516d23)
Start importing Assets/ENSIT Bib/uploads_files_4519231_Curtain+Set+M09.FBX using Guid(2a517bba60d410c409e7166f45748b51) Importer(2089858483,0ecaa5967403d082aa24f35e1b516d23) Generated GUIDs only implemented for interfaces!
 -> (artifact id: '0acd66486f69b955014991b7414e0533') in 0.050312 seconds
Number of updated asset objects reloaded before import = 0
Number of asset objects unloaded after import = 35
========================================================================
Received Import Request.
  Time since last request: 0.000016 seconds.
  path: Assets/Animations/idle Simple.fbx
  artifactKey: Guid(03dd48aa4b00f29469b0f427bab13f2c) Importer(2089858483,0ecaa5967403d082aa24f35e1b516d23)
Start importing Assets/Animations/idle Simple.fbx using Guid(03dd48aa4b00f29469b0f427bab13f2c) Importer(2089858483,0ecaa5967403d082aa24f35e1b516d23) Generated GUIDs only implemented for interfaces!
 -> (artifact id: 'b19035e22e5b087d97a9b3e2526a527b') in 0.022933 seconds
Number of updated asset objects reloaded before import = 0
Number of asset objects unloaded after import = 137
========================================================================
Received Import Request.
  Time since last request: 0.000014 seconds.
  path: Assets/ENSIT Bib/kemla.obj
  artifactKey: Guid(352ebfc50eac2ec44a3a6e65d03a9f6a) Importer(2089858483,0ecaa5967403d082aa24f35e1b516d23)
Start importing Assets/ENSIT Bib/kemla.obj using Guid(352ebfc50eac2ec44a3a6e65d03a9f6a) Importer(2089858483,0ecaa5967403d082aa24f35e1b516d23) Generated GUIDs only implemented for interfaces!
 -> (artifact id: 'dfdc44b2307f5a007d59a58bbd367379') in 0.914344 seconds
Number of updated asset objects reloaded before import = 0
Number of asset objects unloaded after import = 11
========================================================================
Received Import Request.
  Time since last request: 0.000029 seconds.
  path: Assets/ENSIT Bib/uploads_files_4832390_banner+stand.blend
  artifactKey: Guid(e0094ba38e7e8ee46901d516c84293cd) Importer(2089858483,0ecaa5967403d082aa24f35e1b516d23)
Start importing Assets/ENSIT Bib/uploads_files_4832390_banner+stand.blend using Guid(e0094ba38e7e8ee46901d516c84293cd) Importer(2089858483,0ecaa5967403d082aa24f35e1b516d23) Generated GUIDs only implemented for interfaces!
 -> (artifact id: '58ca0f119dc74da4cef0c9cd54d495ad') in 0.038464 seconds
Number of updated asset objects reloaded before import = 0
Number of asset objects unloaded after import = 99
========================================================================
Received Import Request.
  Time since last request: 0.000031 seconds.
  path: Assets/Prefabs/pop-up-banner-stand 1.prefab
  artifactKey: Guid(74d1f7b6cbda3ac4dab6e7a7da439303) Importer(2089858483,0ecaa5967403d082aa24f35e1b516d23)
Start importing Assets/Prefabs/pop-up-banner-stand 1.prefab using Guid(74d1f7b6cbda3ac4dab6e7a7da439303) Importer(2089858483,0ecaa5967403d082aa24f35e1b516d23) Generated GUIDs only implemented for interfaces!
 -> (artifact id: '2232df7c9746729d75c2b2c63ade7076') in 0.015256 seconds
Number of updated asset objects reloaded before import = 0
Number of asset objects unloaded after import = 80
========================================================================
Received Import Request.
  Time since last request: 0.000022 seconds.
  path: Assets/ENSIT Bib/win.fbx
  artifactKey: Guid(f6f0266b6207b104eb78727227b8eb22) Importer(2089858483,0ecaa5967403d082aa24f35e1b516d23)
Start importing Assets/ENSIT Bib/win.fbx using Guid(f6f0266b6207b104eb78727227b8eb22) Importer(2089858483,0ecaa5967403d082aa24f35e1b516d23) Generated GUIDs only implemented for interfaces!
 -> (artifact id: 'a237804c66f8924917826c6fb2eb979b') in 0.018095 seconds
Number of updated asset objects reloaded before import = 0
Number of asset objects unloaded after import = 10
========================================================================
Received Import Request.
  Time since last request: 0.000017 seconds.
  path: Assets/Scripts/DoorInteraction.cs
  artifactKey: Guid(33febb67315acc54a9e8746718b64016) Importer(2089858483,0ecaa5967403d082aa24f35e1b516d23)
Start importing Assets/Scripts/DoorInteraction.cs using Guid(33febb67315acc54a9e8746718b64016) Importer(2089858483,0ecaa5967403d082aa24f35e1b516d23) Generated GUIDs only implemented for interfaces!
 -> (artifact id: 'fd48013215338e079bc740be1559944b') in 0.005376 seconds
Number of updated asset objects reloaded before import = 0
Number of asset objects unloaded after import = 1
========================================================================
Received Import Request.
  Time since last request: 0.000024 seconds.
  path: Assets/Prefabs/School chair LP.002.prefab
  artifactKey: Guid(9d68a3d4c5afe784fb4dccf4c4f1cdb9) Importer(2089858483,0ecaa5967403d082aa24f35e1b516d23)
Start importing Assets/Prefabs/School chair LP.002.prefab using Guid(9d68a3d4c5afe784fb4dccf4c4f1cdb9) Importer(2089858483,0ecaa5967403d082aa24f35e1b516d23) Generated GUIDs only implemented for interfaces!
 -> (artifact id: 'ae77918c0e3faba2492f1aab4d5cec1d') in 0.010473 seconds
Number of updated asset objects reloaded before import = 0
Number of asset objects unloaded after import = 9
========================================================================
Received Import Request.
  Time since last request: 0.000022 seconds.
  path: Assets/Prefabs/pop-up-banner-stand.prefab
  artifactKey: Guid(3e62569875a18bf419b0de7102cb1449) Importer(2089858483,0ecaa5967403d082aa24f35e1b516d23)
Start importing Assets/Prefabs/pop-up-banner-stand.prefab using Guid(3e62569875a18bf419b0de7102cb1449) Importer(2089858483,0ecaa5967403d082aa24f35e1b516d23) Generated GUIDs only implemented for interfaces!
 -> (artifact id: '17a702db0b68f61c1118b7cc4720061c') in 0.005222 seconds
Number of updated asset objects reloaded before import = 0
Number of asset objects unloaded after import = 59
========================================================================
Received Import Request.
  Time since last request: 0.000016 seconds.
  path: Assets/Animations/Standard Walk.anim
  artifactKey: Guid(2e878c3ccba08c14880a5973b2dfd39c) Importer(2089858483,0ecaa5967403d082aa24f35e1b516d23)
Start importing Assets/Animations/Standard Walk.anim using Guid(2e878c3ccba08c14880a5973b2dfd39c) Importer(2089858483,0ecaa5967403d082aa24f35e1b516d23) Generated GUIDs only implemented for interfaces!
 -> (artifact id: '5f4326630645e2c81706a5b8367be4de') in 0.012717 seconds
Number of updated asset objects reloaded before import = 0
Number of asset objects unloaded after import = 1
========================================================================
Received Import Request.
  Time since last request: 0.000019 seconds.
  path: Assets/Prefabs/Affiches.prefab
  artifactKey: Guid(7a41252d72d53f240abc0db6b37e1638) Importer(2089858483,0ecaa5967403d082aa24f35e1b516d23)
Start importing Assets/Prefabs/Affiches.prefab using Guid(7a41252d72d53f240abc0db6b37e1638) Importer(2089858483,0ecaa5967403d082aa24f35e1b516d23) Generated GUIDs only implemented for interfaces!
 -> (artifact id: 'b7e002fbffd9b8a66aa4277984f52dc1') in 0.013937 seconds
Number of updated asset objects reloaded before import = 0
Number of asset objects unloaded after import = 251
========================================================================
Received Import Request.
  Time since last request: 0.000029 seconds.
  path: Assets/Images/image 139.png
  artifactKey: Guid(9bead0a038b9a924cb7f744baa417af0) Importer(2089858483,0ecaa5967403d082aa24f35e1b516d23)
Start importing Assets/Images/image 139.png using Guid(9bead0a038b9a924cb7f744baa417af0) Importer(2089858483,0ecaa5967403d082aa24f35e1b516d23) Generated GUIDs only implemented for interfaces!
 -> (artifact id: 'fc85ec1607b1c0be4bb74da89d6ce9b1') in 0.052275 seconds
Number of updated asset objects reloaded before import = 0
Number of asset objects unloaded after import = 3
========================================================================
Received Import Request.
  Time since last request: 0.000039 seconds.
  path: Assets/Prefabs/RPM Player.prefab
  artifactKey: Guid(c4cc6402ada909b4099f9ee1ba0a6a87) Importer(2089858483,0ecaa5967403d082aa24f35e1b516d23)
Start importing Assets/Prefabs/RPM Player.prefab using Guid(c4cc6402ada909b4099f9ee1ba0a6a87) Importer(2089858483,0ecaa5967403d082aa24f35e1b516d23) Generated GUIDs only implemented for interfaces!
 -> (artifact id: 'f2f3c86be25b7e906ee0fdc3399de87a') in 0.028409 seconds
Number of updated asset objects reloaded before import = 0
Number of asset objects unloaded after import = 33
========================================================================
Received Import Request.
  Time since last request: 0.000026 seconds.
  path: Assets/Animations/DwarfIdle (2).fbx
  artifactKey: Guid(cc80357f2a9621b4f89f008004631c16) Importer(2089858483,0ecaa5967403d082aa24f35e1b516d23)
Start importing Assets/Animations/DwarfIdle (2).fbx using Guid(cc80357f2a9621b4f89f008004631c16) Importer(2089858483,0ecaa5967403d082aa24f35e1b516d23) Generated GUIDs only implemented for interfaces!
 -> (artifact id: 'e35ab58b2291f60590555a0cb82ad395') in 0.025006 seconds
Number of updated asset objects reloaded before import = 0
Number of asset objects unloaded after import = 137
========================================================================
Received Import Request.
  Time since last request: 0.000023 seconds.
  path: Assets/ENSIT Bib/uploads_files_4519231_Curtain+Set+M9.obj
  artifactKey: Guid(6e642eab6dc68e04caf65904ad9ff3a3) Importer(2089858483,0ecaa5967403d082aa24f35e1b516d23)
Start importing Assets/ENSIT Bib/uploads_files_4519231_Curtain+Set+M9.obj using Guid(6e642eab6dc68e04caf65904ad9ff3a3) Importer(2089858483,0ecaa5967403d082aa24f35e1b516d23) Generated GUIDs only implemented for interfaces!
 -> (artifact id: 'c86c243623e7eb65c2bf1b08cc58f816') in 0.052006 seconds
Number of updated asset objects reloaded before import = 0
Number of asset objects unloaded after import = 34
========================================================================
Received Import Request.
  Time since last request: 0.000017 seconds.
  path: Assets/Animations/MasculineAnimator.controller
  artifactKey: Guid(777b74d548fec0a4dbc40ece17688b2d) Importer(2089858483,0ecaa5967403d082aa24f35e1b516d23)
Start importing Assets/Animations/MasculineAnimator.controller using Guid(777b74d548fec0a4dbc40ece17688b2d) Importer(2089858483,0ecaa5967403d082aa24f35e1b516d23) Generated GUIDs only implemented for interfaces!
 -> (artifact id: '24729716b03604733501cf64cb34dbaa') in 0.020213 seconds
Number of updated asset objects reloaded before import = 0
Number of asset objects unloaded after import = 76
========================================================================
Received Import Request.
  Time since last request: 0.000032 seconds.
  path: Assets/Scenes/modernScene1.unity
  artifactKey: Guid(a184ae8606fbc6b4cb91e50d34350cf0) Importer(2089858483,0ecaa5967403d082aa24f35e1b516d23)
Start importing Assets/Scenes/modernScene1.unity using Guid(a184ae8606fbc6b4cb91e50d34350cf0) Importer(2089858483,0ecaa5967403d082aa24f35e1b516d23) Generated GUIDs only implemented for interfaces!
 -> (artifact id: '55bede173ed1075636188efd88e081a4') in 0.004137 seconds
Number of updated asset objects reloaded before import = 0
Number of asset objects unloaded after import = 1
========================================================================
Received Import Request.
  Time since last request: 0.000027 seconds.
  path: Assets/Scripts/CurrentCanvaScript.cs
  artifactKey: Guid(1a22573173e0e104cae1a95500335a83) Importer(2089858483,0ecaa5967403d082aa24f35e1b516d23)
Start importing Assets/Scripts/CurrentCanvaScript.cs using Guid(1a22573173e0e104cae1a95500335a83) Importer(2089858483,0ecaa5967403d082aa24f35e1b516d23) Generated GUIDs only implemented for interfaces!
 -> (artifact id: 'eb8aee89b4f344ec20e8f4168b8c7f32') in 0.005187 seconds
Number of updated asset objects reloaded before import = 0
Number of asset objects unloaded after import = 1
========================================================================
Received Import Request.
  Time since last request: 0.000018 seconds.
  path: Assets/Prefabs/CanvasOfInteractable.prefab
  artifactKey: Guid(5d94ad11d38b4d043ad6e31e929caa5b) Importer(2089858483,0ecaa5967403d082aa24f35e1b516d23)
Start importing Assets/Prefabs/CanvasOfInteractable.prefab using Guid(5d94ad11d38b4d043ad6e31e929caa5b) Importer(2089858483,0ecaa5967403d082aa24f35e1b516d23) Generated GUIDs only implemented for interfaces!
 -> (artifact id: 'bba7e36bd2da9ccdc6be80ffc45c9b51') in 0.027845 seconds
Number of updated asset objects reloaded before import = 0
Number of asset objects unloaded after import = 53
========================================================================
Received Import Request.
  Time since last request: 0.000017 seconds.
  path: Assets/Prefabs/BlueCircleInfo.prefab
  artifactKey: Guid(6694c3e27a352134ab2ab713fc6c37fc) Importer(2089858483,0ecaa5967403d082aa24f35e1b516d23)
Start importing Assets/Prefabs/BlueCircleInfo.prefab using Guid(6694c3e27a352134ab2ab713fc6c37fc) Importer(2089858483,0ecaa5967403d082aa24f35e1b516d23) Generated GUIDs only implemented for interfaces!
 -> (artifact id: '20ed6e186f411d39f3c81b481ad6f13a') in 0.010914 seconds
Number of updated asset objects reloaded before import = 0
Number of asset objects unloaded after import = 13
========================================================================
Received Import Request.
  Time since last request: 0.000015 seconds.
  path: Assets/Prefabs/Player.prefab
  artifactKey: Guid(1893869e66f054a429a7b2116d4a3e7b) Importer(2089858483,0ecaa5967403d082aa24f35e1b516d23)
Start importing Assets/Prefabs/Player.prefab using Guid(1893869e66f054a429a7b2116d4a3e7b) Importer(2089858483,0ecaa5967403d082aa24f35e1b516d23) Generated GUIDs only implemented for interfaces!
 -> (artifact id: '76330eda5076900cafff8f18dee46387') in 0.014509 seconds
Number of updated asset objects reloaded before import = 0
Number of asset objects unloaded after import = 198
========================================================================
Received Import Request.
  Time since last request: 0.000017 seconds.
  path: Assets/ENSIT Bib/uploads_files_1972651_fasulye.FBX
  artifactKey: Guid(4fd2a5aec4a9ee54cb1a9b488ae02fad) Importer(2089858483,0ecaa5967403d082aa24f35e1b516d23)
Start importing Assets/ENSIT Bib/uploads_files_1972651_fasulye.FBX using Guid(4fd2a5aec4a9ee54cb1a9b488ae02fad) Importer(2089858483,0ecaa5967403d082aa24f35e1b516d23) Generated GUIDs only implemented for interfaces!
 -> (artifact id: '9cdd2704a1f88194c584701bb159e785') in 0.059582 seconds
Number of updated asset objects reloaded before import = 0
Number of asset objects unloaded after import = 159
========================================================================
Received Import Request.
  Time since last request: 0.000017 seconds.
  path: Assets/Animations/BlueCircleInfo.controller
  artifactKey: Guid(3eed02e9da89c2a43a8e9e6876b1f77d) Importer(2089858483,0ecaa5967403d082aa24f35e1b516d23)
Start importing Assets/Animations/BlueCircleInfo.controller using Guid(3eed02e9da89c2a43a8e9e6876b1f77d) Importer(2089858483,0ecaa5967403d082aa24f35e1b516d23) Generated GUIDs only implemented for interfaces!
 -> (artifact id: '44efc85698bd39e257b686b5d8404be8') in 0.005479 seconds
Number of updated asset objects reloaded before import = 0
Number of asset objects unloaded after import = 4
========================================================================
Received Import Request.
  Time since last request: 0.000016 seconds.
  path: Assets/Materials/GridFloor.mat
  artifactKey: Guid(3d6259571f4cfa342b3471cbed835c31) Importer(2089858483,0ecaa5967403d082aa24f35e1b516d23)
Start importing Assets/Materials/GridFloor.mat using Guid(3d6259571f4cfa342b3471cbed835c31) Importer(2089858483,0ecaa5967403d082aa24f35e1b516d23) Generated GUIDs only implemented for interfaces!
 -> (artifact id: '07946b23a939b48f09f8726f47d9d963') in 0.012104 seconds
Number of updated asset objects reloaded before import = 0
Number of asset objects unloaded after import = 4
========================================================================
Received Import Request.
  Time since last request: 0.000025 seconds.
  path: Assets/Animations/sadIdle.fbx
  artifactKey: Guid(2849355222188f4468765803aecc9ddd) Importer(2089858483,0ecaa5967403d082aa24f35e1b516d23)
Start importing Assets/Animations/sadIdle.fbx using Guid(2849355222188f4468765803aecc9ddd) Importer(2089858483,0ecaa5967403d082aa24f35e1b516d23) Generated GUIDs only implemented for interfaces!
 -> (artifact id: '6477b89a65d49129bee24ce90d5bf29e') in 0.025993 seconds
Number of updated asset objects reloaded before import = 0
Number of asset objects unloaded after import = 137
========================================================================
Received Import Request.
  Time since last request: 0.000015 seconds.
  path: Assets/Images/close.png
  artifactKey: Guid(e59dbb6f7522f7247884544f339fdbde) Importer(2089858483,0ecaa5967403d082aa24f35e1b516d23)
Start importing Assets/Images/close.png using Guid(e59dbb6f7522f7247884544f339fdbde) Importer(2089858483,0ecaa5967403d082aa24f35e1b516d23) Generated GUIDs only implemented for interfaces!
 -> (artifact id: 'a1ccedf7129fa0956eeeb13e6a5c797f') in 0.014644 seconds
Number of updated asset objects reloaded before import = 0
Number of asset objects unloaded after import = 3
========================================================================
Received Import Request.
  Time since last request: 0.000014 seconds.
  path: Assets/Animations/mixamo.com.anim
  artifactKey: Guid(7d4a03ba5ec6c9d4b87a0ee424f667d7) Importer(2089858483,0ecaa5967403d082aa24f35e1b516d23)
Start importing Assets/Animations/mixamo.com.anim using Guid(7d4a03ba5ec6c9d4b87a0ee424f667d7) Importer(2089858483,0ecaa5967403d082aa24f35e1b516d23) Generated GUIDs only implemented for interfaces!
 -> (artifact id: '0af05e6aeb46739e0f3af987b4bb435d') in 0.009992 seconds
Number of updated asset objects reloaded before import = 0
Number of asset objects unloaded after import = 1
========================================================================
Received Import Request.
  Time since last request: 0.000018 seconds.
  path: Assets/Prefabs/Logo.prefab
  artifactKey: Guid(df375465983f2ce4dad62cbf8d11e91d) Importer(2089858483,0ecaa5967403d082aa24f35e1b516d23)
Start importing Assets/Prefabs/Logo.prefab using Guid(df375465983f2ce4dad62cbf8d11e91d) Importer(2089858483,0ecaa5967403d082aa24f35e1b516d23) Generated GUIDs only implemented for interfaces!
 -> (artifact id: '348b40c9397beeed3b6b119a231f0493') in 0.011170 seconds
Number of updated asset objects reloaded before import = 0
Number of asset objects unloaded after import = 19
========================================================================
Received Import Request.
  Time since last request: 0.000015 seconds.
  path: Assets/Prefabs/RPM Camera Rig.prefab
  artifactKey: Guid(6e59c2f6558b00747822bfb604460166) Importer(2089858483,0ecaa5967403d082aa24f35e1b516d23)
Start importing Assets/Prefabs/RPM Camera Rig.prefab using Guid(6e59c2f6558b00747822bfb604460166) Importer(2089858483,0ecaa5967403d082aa24f35e1b516d23) Generated GUIDs only implemented for interfaces!
 -> (artifact id: '141f236d3301cfc5ad535d46c6c74954') in 0.008099 seconds
Number of updated asset objects reloaded before import = 0
Number of asset objects unloaded after import = 10
========================================================================
Received Import Request.
  Time since last request: 0.000024 seconds.
  path: Assets/Animations/BreathingIdle.fbx
  artifactKey: Guid(dab0559f136290447bd9cfe6c342be5f) Importer(2089858483,0ecaa5967403d082aa24f35e1b516d23)
Start importing Assets/Animations/BreathingIdle.fbx using Guid(dab0559f136290447bd9cfe6c342be5f) Importer(2089858483,0ecaa5967403d082aa24f35e1b516d23) Generated GUIDs only implemented for interfaces!
 -> (artifact id: '688805da76a91c6e8c483063d72fd967') in 0.027988 seconds
Number of updated asset objects reloaded before import = 0
Number of asset objects unloaded after import = 137
========================================================================
Received Import Request.
  Time since last request: 0.000034 seconds.
  path: Assets/ENSIT Bib/kemla2.glb
  artifactKey: Guid(e9952e9f70a92a24692f2a6fc7a4cf94) Importer(2089858483,0ecaa5967403d082aa24f35e1b516d23)
Start importing Assets/ENSIT Bib/kemla2.glb using Guid(e9952e9f70a92a24692f2a6fc7a4cf94) Importer(2089858483,0ecaa5967403d082aa24f35e1b516d23) Generated GUIDs only implemented for interfaces!
 -> (artifact id: '210cefbd713599879dd67f9cc4a5aa17') in 0.100609 seconds
Number of updated asset objects reloaded before import = 0
Number of asset objects unloaded after import = 37
========================================================================
Received Import Request.
  Time since last request: 0.000042 seconds.
  path: Assets/Animations/Info Icon.anim
  artifactKey: Guid(7aea6e79f15c1e747a7e70bb08b79ccb) Importer(2089858483,0ecaa5967403d082aa24f35e1b516d23)
Start importing Assets/Animations/Info Icon.anim using Guid(7aea6e79f15c1e747a7e70bb08b79ccb) Importer(2089858483,0ecaa5967403d082aa24f35e1b516d23) Generated GUIDs only implemented for interfaces!
 -> (artifact id: 'b5066a138f523f682297f1a34e25e1e8') in 0.009527 seconds
Number of updated asset objects reloaded before import = 0
Number of asset objects unloaded after import = 1
========================================================================
Received Import Request.
  Time since last request: 0.000014 seconds.
  path: Assets/Animations/Ch33_nonPBR@Walking (2).fbx
  artifactKey: Guid(107c93905ef1a604eb38b99284eb6cfd) Importer(2089858483,0ecaa5967403d082aa24f35e1b516d23)
Start importing Assets/Animations/Ch33_nonPBR@Walking (2).fbx using Guid(107c93905ef1a604eb38b99284eb6cfd) Importer(2089858483,0ecaa5967403d082aa24f35e1b516d23) Generated GUIDs only implemented for interfaces!
 -> (artifact id: 'd907a4b1707585a17e1e22d86d3693e0') in 0.039976 seconds
Number of updated asset objects reloaded before import = 0
Number of asset objects unloaded after import = 137
========================================================================
Received Import Request.
  Time since last request: 0.000018 seconds.
  path: Assets/Prefabs/avatar.prefab
  artifactKey: Guid(b521ef93816520443a70f57a8a938bf9) Importer(2089858483,0ecaa5967403d082aa24f35e1b516d23)
Start importing Assets/Prefabs/avatar.prefab using Guid(b521ef93816520443a70f57a8a938bf9) Importer(2089858483,0ecaa5967403d082aa24f35e1b516d23) Generated GUIDs only implemented for interfaces!
 -> (artifact id: '9c4e856365152d2fe39b6020dae5a230') in 0.012776 seconds
Number of updated asset objects reloaded before import = 0
Number of asset objects unloaded after import = 353
========================================================================
Received Import Request.
  Time since last request: 0.000018 seconds.
  path: Assets/Materials/Ground.mat
  artifactKey: Guid(ce52d3627f304d349b24bb70932e1e23) Importer(2089858483,0ecaa5967403d082aa24f35e1b516d23)
Start importing Assets/Materials/Ground.mat using Guid(ce52d3627f304d349b24bb70932e1e23) Importer(2089858483,0ecaa5967403d082aa24f35e1b516d23) Generated GUIDs only implemented for interfaces!
 -> (artifact id: 'f625eb3be044b990e6f897c28a14f0ba') in 0.007500 seconds
Number of updated asset objects reloaded before import = 0
Number of asset objects unloaded after import = 1
========================================================================
Received Import Request.
  Time since last request: 0.000018 seconds.
  path: Assets/Animations/Run_N_Land.fbx
  artifactKey: Guid(ba756fdc4ae2e7c41a928e275fa9fa8e) Importer(2089858483,0ecaa5967403d082aa24f35e1b516d23)
Start importing Assets/Animations/Run_N_Land.fbx using Guid(ba756fdc4ae2e7c41a928e275fa9fa8e) Importer(2089858483,0ecaa5967403d082aa24f35e1b516d23) Generated GUIDs only implemented for interfaces!
 -> (artifact id: 'b2aa6f4b952328b3fcf7ba3bf6ff323d') in 0.020880 seconds
Number of updated asset objects reloaded before import = 0
Number of asset objects unloaded after import = 144
========================================================================
Received Import Request.
  Time since last request: 0.000015 seconds.
  path: Assets/Prefabs/3d-model 1.prefab
  artifactKey: Guid(8617fb462e33a074a9aabd88caf5b57a) Importer(2089858483,0ecaa5967403d082aa24f35e1b516d23)
Start importing Assets/Prefabs/3d-model 1.prefab using Guid(8617fb462e33a074a9aabd88caf5b57a) Importer(2089858483,0ecaa5967403d082aa24f35e1b516d23) Generated GUIDs only implemented for interfaces!
 -> (artifact id: 'dd66f9675b3fffa5d5bd7dd67cea7d33') in 0.016018 seconds
Number of updated asset objects reloaded before import = 0
Number of asset objects unloaded after import = 589
========================================================================
Received Import Request.
  Time since last request: 0.000027 seconds.
  path: Assets/Scenes/modernScene2.unity
  artifactKey: Guid(580f47417dd81a74f8d5a2460ac46b67) Importer(2089858483,0ecaa5967403d082aa24f35e1b516d23)
Start importing Assets/Scenes/modernScene2.unity using Guid(580f47417dd81a74f8d5a2460ac46b67) Importer(2089858483,0ecaa5967403d082aa24f35e1b516d23) Generated GUIDs only implemented for interfaces!
 -> (artifact id: '7385ac510bc0c001f70d94594c148168') in 0.004337 seconds
Number of updated asset objects reloaded before import = 0
Number of asset objects unloaded after import = 1
========================================================================
Received Import Request.
  Time since last request: 0.000023 seconds.
  path: Assets/Scripts/CameraMovement.cs
  artifactKey: Guid(14beee1abdb2df8498a8a535d19726c9) Importer(2089858483,0ecaa5967403d082aa24f35e1b516d23)
Start importing Assets/Scripts/CameraMovement.cs using Guid(14beee1abdb2df8498a8a535d19726c9) Importer(2089858483,0ecaa5967403d082aa24f35e1b516d23) Generated GUIDs only implemented for interfaces!
 -> (artifact id: 'ad524cd77e7c9750e6b02b5e7e272aa6') in 0.003642 seconds
Number of updated asset objects reloaded before import = 0
Number of asset objects unloaded after import = 1
========================================================================
Received Import Request.
  Time since last request: 0.000110 seconds.
  path: Assets/Images/open_in_new.png
  artifactKey: Guid(e81fe20aea9e5154eaf3cc7e208590f1) Importer(2089858483,0ecaa5967403d082aa24f35e1b516d23)
Start importing Assets/Images/open_in_new.png using Guid(e81fe20aea9e5154eaf3cc7e208590f1) Importer(2089858483,0ecaa5967403d082aa24f35e1b516d23) Generated GUIDs only implemented for interfaces!
 -> (artifact id: '8e5f95c211b96cdf4d61c525ba62b1ae') in 0.020445 seconds
Number of updated asset objects reloaded before import = 0
Number of asset objects unloaded after import = 3
========================================================================
Received Import Request.
  Time since last request: 0.000019 seconds.
  path: Assets/ENSIT Bib/ad_banner.fbx
  artifactKey: Guid(c50cfaf14fc903c42984bf151e48b622) Importer(2089858483,0ecaa5967403d082aa24f35e1b516d23)
Start importing Assets/ENSIT Bib/ad_banner.fbx using Guid(c50cfaf14fc903c42984bf151e48b622) Importer(2089858483,0ecaa5967403d082aa24f35e1b516d23) Generated GUIDs only implemented for interfaces!
 -> (artifact id: 'b1a02f0efe41025789dd51c51281aa67') in 0.022304 seconds
Number of updated asset objects reloaded before import = 0
Number of asset objects unloaded after import = 11
========================================================================
Received Import Request.
  Time since last request: 0.870163 seconds.
  path: Assets/Scripts/IdleDone.cs
  artifactKey: Guid(b76fba42578ae93469d174367a059370) Importer(2089858483,0ecaa5967403d082aa24f35e1b516d23)
Start importing Assets/Scripts/IdleDone.cs using Guid(b76fba42578ae93469d174367a059370) Importer(2089858483,0ecaa5967403d082aa24f35e1b516d23) Generated GUIDs only implemented for interfaces!
 -> (artifact id: '7b6bf096b4dd269b920f8142dd8d910a') in 0.004473 seconds
Number of updated asset objects reloaded before import = 0
Number of asset objects unloaded after import = 1
========================================================================
Received Import Request.
  Time since last request: 0.000118 seconds.
  path: Assets/Sci-Fi Styled Modular Pack/Materials/nature_leaves.mat
  artifactKey: Guid(5d84bcb5cc458944085f3169d277536d) Importer(2089858483,0ecaa5967403d082aa24f35e1b516d23)
Start importing Assets/Sci-Fi Styled Modular Pack/Materials/nature_leaves.mat using Guid(5d84bcb5cc458944085f3169d277536d) Importer(2089858483,0ecaa5967403d082aa24f35e1b516d23) Generated GUIDs only implemented for interfaces!
 -> (artifact id: '128eb804f262233ee30ae1eefa184651') in 0.018917 seconds
Number of updated asset objects reloaded before import = 0
Number of asset objects unloaded after import = 2
========================================================================
Received Import Request.
  Time since last request: 0.000020 seconds.
  path: Assets/ENSIT Bib/affiches/ad_banner.mat
  artifactKey: Guid(638b24129f4232f4fafa4da534f65534) Importer(2089858483,0ecaa5967403d082aa24f35e1b516d23)
Start importing Assets/ENSIT Bib/affiches/ad_banner.mat using Guid(638b24129f4232f4fafa4da534f65534) Importer(2089858483,0ecaa5967403d082aa24f35e1b516d23) Generated GUIDs only implemented for interfaces!
 -> (artifact id: 'beca9cbd35948d6cf5e88c268ab4f80b') in 0.007587 seconds
Number of updated asset objects reloaded before import = 0
Number of asset objects unloaded after import = 2
========================================================================
Received Import Request.
  Time since last request: 0.000014 seconds.
  path: Assets/ENSIT Bib/stands/a.jpg
  artifactKey: Guid(40507b9a919c0274598a82238503ab3b) Importer(2089858483,0ecaa5967403d082aa24f35e1b516d23)
Start importing Assets/ENSIT Bib/stands/a.jpg using Guid(40507b9a919c0274598a82238503ab3b) Importer(2089858483,0ecaa5967403d082aa24f35e1b516d23) Generated GUIDs only implemented for interfaces!
 -> (artifact id: 'e2c9740a39ed6de690f5606b4a9a8157') in 0.019607 seconds
Number of updated asset objects reloaded before import = 0
Number of asset objects unloaded after import = 1
========================================================================
Received Import Request.
  Time since last request: 0.000154 seconds.
  path: Assets/ENSIT Bib/stands/New Material.mat
  artifactKey: Guid(b500b50c2963ec94c835ed8df4f8cc34) Importer(2089858483,0ecaa5967403d082aa24f35e1b516d23)
Start importing Assets/ENSIT Bib/stands/New Material.mat using Guid(b500b50c2963ec94c835ed8df4f8cc34) Importer(2089858483,0ecaa5967403d082aa24f35e1b516d23) Generated GUIDs only implemented for interfaces!
 -> (artifact id: 'bdf3acda30a8e70df0e4acb828bf5ea1') in 0.004755 seconds
Number of updated asset objects reloaded before import = 0
Number of asset objects unloaded after import = 1
========================================================================
Received Import Request.
  Time since last request: 0.000140 seconds.
  path: Assets/Sci-Fi Styled Modular Pack/Animations/frame_door_3.controller
  artifactKey: Guid(a8a41d09ed1b9f14f9c4c9b21bc93d8a) Importer(2089858483,0ecaa5967403d082aa24f35e1b516d23)
Start importing Assets/Sci-Fi Styled Modular Pack/Animations/frame_door_3.controller using Guid(a8a41d09ed1b9f14f9c4c9b21bc93d8a) Importer(2089858483,0ecaa5967403d082aa24f35e1b516d23) Generated GUIDs only implemented for interfaces!
 -> (artifact id: '3dbf635ec7aebbe11eb60923660a886b') in 0.007025 seconds
Number of updated asset objects reloaded before import = 0
Number of asset objects unloaded after import = 14
========================================================================
Received Import Request.
  Time since last request: 0.000013 seconds.
  path: Assets/ENSIT Bib/stands/ieee (3).png
  artifactKey: Guid(6f1f167b3b4334f4280fcb032757e5bd) Importer(2089858483,0ecaa5967403d082aa24f35e1b516d23)
Start importing Assets/ENSIT Bib/stands/ieee (3).png using Guid(6f1f167b3b4334f4280fcb032757e5bd) Importer(2089858483,0ecaa5967403d082aa24f35e1b516d23) Generated GUIDs only implemented for interfaces!
 -> (artifact id: 'c64e9f3bb8808c2859ec6cb8142522cd') in 0.022747 seconds
Number of updated asset objects reloaded before import = 0
Number of asset objects unloaded after import = 1
========================================================================
Received Import Request.
  Time since last request: 0.000018 seconds.
  path: Assets/ENSIT Bib/playGround/ensit.glb
  artifactKey: Guid(15821cae22a68f044bf346bb498e8a80) Importer(2089858483,0ecaa5967403d082aa24f35e1b516d23)
Start importing Assets/ENSIT Bib/playGround/ensit.glb using Guid(15821cae22a68f044bf346bb498e8a80) Importer(2089858483,0ecaa5967403d082aa24f35e1b516d23) Generated GUIDs only implemented for interfaces!
 -> (artifact id: '249027dadcd1235a93fd40655a69a805') in 1.095485 seconds
Number of updated asset objects reloaded before import = 0
Number of asset objects unloaded after import = 626
========================================================================
Received Import Request.
  Time since last request: 0.000036 seconds.
  path: Assets/Sprites/logo-ecole-1170x2841.png
  artifactKey: Guid(88cc8fc0962ce5745a4bcd5bddadf30b) Importer(2089858483,0ecaa5967403d082aa24f35e1b516d23)
Start importing Assets/Sprites/logo-ecole-1170x2841.png using Guid(88cc8fc0962ce5745a4bcd5bddadf30b) Importer(2089858483,0ecaa5967403d082aa24f35e1b516d23) Generated GUIDs only implemented for interfaces!
 -> (artifact id: '0059cbe55fc66467cf06279606c786d4') in 0.040664 seconds
Number of updated asset objects reloaded before import = 0
Number of asset objects unloaded after import = 3
========================================================================
Received Import Request.
  Time since last request: 0.000066 seconds.
  path: Assets/ENSIT Bib/affiches/330978638_1924175067945437_7187345973736509075_n.jpg
  artifactKey: Guid(f523a054264847b41a768eaca7607961) Importer(2089858483,0ecaa5967403d082aa24f35e1b516d23)
Start importing Assets/ENSIT Bib/affiches/330978638_1924175067945437_7187345973736509075_n.jpg using Guid(f523a054264847b41a768eaca7607961) Importer(2089858483,0ecaa5967403d082aa24f35e1b516d23) Generated GUIDs only implemented for interfaces!
 -> (artifact id: '81d00556a7444b1f6cf1c6b09256f798') in 0.051530 seconds
Number of updated asset objects reloaded before import = 0
Number of asset objects unloaded after import = 1
========================================================================
Received Import Request.
  Time since last request: 0.000048 seconds.
  path: Assets/Sci-Fi Styled Modular Pack/Materials/nature_bush.mat
  artifactKey: Guid(4256c7f593c13f84bbd6e74b481a6ec4) Importer(2089858483,0ecaa5967403d082aa24f35e1b516d23)
Start importing Assets/Sci-Fi Styled Modular Pack/Materials/nature_bush.mat using Guid(4256c7f593c13f84bbd6e74b481a6ec4) Importer(2089858483,0ecaa5967403d082aa24f35e1b516d23) Generated GUIDs only implemented for interfaces!
 -> (artifact id: '566b42a39a090c15817d4bec4c3b15cc') in 0.013080 seconds
Number of updated asset objects reloaded before import = 0
Number of asset objects unloaded after import = 2
========================================================================
Received Import Request.
  Time since last request: 0.000017 seconds.
  path: Assets/ENSIT Bib/playGround/kemla.glb
  artifactKey: Guid(7ce3c8e52940e0647bf6e0f8117c6389) Importer(2089858483,0ecaa5967403d082aa24f35e1b516d23)
Start importing Assets/ENSIT Bib/playGround/kemla.glb using Guid(7ce3c8e52940e0647bf6e0f8117c6389) Importer(2089858483,0ecaa5967403d082aa24f35e1b516d23) Generated GUIDs only implemented for interfaces!
 -> (artifact id: '26a458561f45fab747aad9564a0373e9') in 0.852354 seconds
Number of updated asset objects reloaded before import = 0
Number of asset objects unloaded after import = 1922
========================================================================
Received Import Request.
  Time since last request: 0.000066 seconds.
  path: Assets/Sci-Fi Styled Modular Pack/Animations/door_2_open.anim
  artifactKey: Guid(31f1fecf6d97bb14492c1a71fb1a9bb2) Importer(2089858483,0ecaa5967403d082aa24f35e1b516d23)
Start importing Assets/Sci-Fi Styled Modular Pack/Animations/door_2_open.anim using Guid(31f1fecf6d97bb14492c1a71fb1a9bb2) Importer(2089858483,0ecaa5967403d082aa24f35e1b516d23) Generated GUIDs only implemented for interfaces!
 -> (artifact id: 'a39f3ef57b6eb834dabb80269317ed35') in 0.008401 seconds
Number of updated asset objects reloaded before import = 0
Number of asset objects unloaded after import = 1
========================================================================
Received Import Request.
  Time since last request: 0.000025 seconds.
  path: Assets/ENSIT Bib/PC/Lowpoly_Laptop_Nor_1.jpg
  artifactKey: Guid(e90d568d82a244e4bb3ab7eadb77c790) Importer(2089858483,0ecaa5967403d082aa24f35e1b516d23)
Start importing Assets/ENSIT Bib/PC/Lowpoly_Laptop_Nor_1.jpg using Guid(e90d568d82a244e4bb3ab7eadb77c790) Importer(2089858483,0ecaa5967403d082aa24f35e1b516d23) Generated GUIDs only implemented for interfaces!
 -> (artifact id: '4359ae92316df5f04aed579dd4a81a16') in 0.023060 seconds
Number of updated asset objects reloaded before import = 0
Number of asset objects unloaded after import = 1
========================================================================
Received Import Request.
  Time since last request: 0.000022 seconds.
  path: Assets/Animations/TestAnimation/rp_nathan_animated_003_walking_ue4.fbx
  artifactKey: Guid(0893b9cd3a5365a488e88fd954f5458a) Importer(2089858483,0ecaa5967403d082aa24f35e1b516d23)
Start importing Assets/Animations/TestAnimation/rp_nathan_animated_003_walking_ue4.fbx using Guid(0893b9cd3a5365a488e88fd954f5458a) Importer(2089858483,0ecaa5967403d082aa24f35e1b516d23) Generated GUIDs only implemented for interfaces!
 -> (artifact id: '45817fbb3d0e51846ccd503e9bd6e28a') in 0.026283 seconds
Number of updated asset objects reloaded before import = 0
Number of asset objects unloaded after import = 198
========================================================================
Received Import Request.
  Time since last request: 0.000014 seconds.
  path: Assets/Sci-Fi Styled Modular Pack/Animations/door_3_open.anim
  artifactKey: Guid(52a0d89872d535546b48d96ddfecd8ac) Importer(2089858483,0ecaa5967403d082aa24f35e1b516d23)
Start importing Assets/Sci-Fi Styled Modular Pack/Animations/door_3_open.anim using Guid(52a0d89872d535546b48d96ddfecd8ac) Importer(2089858483,0ecaa5967403d082aa24f35e1b516d23) Generated GUIDs only implemented for interfaces!
 -> (artifact id: '1227080cd9ad8989a1437056c1125a25') in 0.005651 seconds
Number of updated asset objects reloaded before import = 0
Number of asset objects unloaded after import = 1
========================================================================
Received Import Request.
  Time since last request: 0.000012 seconds.
  path: Assets/Sci-Fi Styled Modular Pack/Animations/door_2_close.anim
  artifactKey: Guid(b06aa8b1533418b46be1e3c548d78ff5) Importer(2089858483,0ecaa5967403d082aa24f35e1b516d23)
Start importing Assets/Sci-Fi Styled Modular Pack/Animations/door_2_close.anim using Guid(b06aa8b1533418b46be1e3c548d78ff5) Importer(2089858483,0ecaa5967403d082aa24f35e1b516d23) Generated GUIDs only implemented for interfaces!
 -> (artifact id: 'b7af8a4aefe5a666d5139e4d1313c289') in 0.005044 seconds
Number of updated asset objects reloaded before import = 0
Number of asset objects unloaded after import = 1
========================================================================
Received Import Request.
  Time since last request: 0.000012 seconds.
  path: Assets/JellyIcons/Demo/BlueSquareTemplateSettings.lighting
  artifactKey: Guid(7b8cc7676a5651e4e97ca7958cfe44c1) Importer(2089858483,0ecaa5967403d082aa24f35e1b516d23)
Start importing Assets/JellyIcons/Demo/BlueSquareTemplateSettings.lighting using Guid(7b8cc7676a5651e4e97ca7958cfe44c1) Importer(2089858483,0ecaa5967403d082aa24f35e1b516d23) LightingSettings: switching bake backend from 1 to 0.
Generated GUIDs only implemented for interfaces!
 -> (artifact id: '7790fd39aa28d3655e951b78fc8bedf9') in 0.023794 seconds
Number of updated asset objects reloaded before import = 0
Number of asset objects unloaded after import = 1
========================================================================
Received Import Request.
  Time since last request: 0.705210 seconds.
  path: Assets/Sci-Fi Styled Modular Pack/Models/art_4.fbx
  artifactKey: Guid(c03a6c397607c84439753a0506e06e04) Importer(2089858483,0ecaa5967403d082aa24f35e1b516d23)
Start importing Assets/Sci-Fi Styled Modular Pack/Models/art_4.fbx using Guid(c03a6c397607c84439753a0506e06e04) Importer(2089858483,0ecaa5967403d082aa24f35e1b516d23) Generated GUIDs only implemented for interfaces!
 -> (artifact id: 'd58c35945ba221ae42edde4d0aa3c40b') in 0.031082 seconds
Number of updated asset objects reloaded before import = 0
Number of asset objects unloaded after import = 7
========================================================================
Received Import Request.
  Time since last request: 0.000024 seconds.
  path: Assets/Sci-Fi Styled Modular Pack/Models/art_6.fbx
  artifactKey: Guid(a39d814f15db1874aa26081d239b1b10) Importer(2089858483,0ecaa5967403d082aa24f35e1b516d23)
Start importing Assets/Sci-Fi Styled Modular Pack/Models/art_6.fbx using Guid(a39d814f15db1874aa26081d239b1b10) Importer(2089858483,0ecaa5967403d082aa24f35e1b516d23) Generated GUIDs only implemented for interfaces!
 -> (artifact id: '8b5db71d07a57262efd9b434c4fc1f18') in 0.023231 seconds
Number of updated asset objects reloaded before import = 0
Number of asset objects unloaded after import = 7
========================================================================
Received Import Request.
  Time since last request: 0.000023 seconds.
  path: Assets/Sci-Fi Styled Modular Pack/Models/decorative_table_no_glass_only_top.fbx
  artifactKey: Guid(cd9aff1dff9e8e842adf7642284a5815) Importer(2089858483,0ecaa5967403d082aa24f35e1b516d23)
Start importing Assets/Sci-Fi Styled Modular Pack/Models/decorative_table_no_glass_only_top.fbx using Guid(cd9aff1dff9e8e842adf7642284a5815) Importer(2089858483,0ecaa5967403d082aa24f35e1b516d23) Generated GUIDs only implemented for interfaces!
 -> (artifact id: '3106f74806972ba90ae3a9740e346851') in 0.020566 seconds
Number of updated asset objects reloaded before import = 0
Number of asset objects unloaded after import = 7
========================================================================
Received Import Request.
  Time since last request: 0.000017 seconds.
  path: Assets/Sci-Fi Styled Modular Pack/Models/bunk_bed.fbx
  artifactKey: Guid(574e37233b065eb4faed1290880c8ebf) Importer(2089858483,0ecaa5967403d082aa24f35e1b516d23)
Start importing Assets/Sci-Fi Styled Modular Pack/Models/bunk_bed.fbx using Guid(574e37233b065eb4faed1290880c8ebf) Importer(2089858483,0ecaa5967403d082aa24f35e1b516d23) Generated GUIDs only implemented for interfaces!
 -> (artifact id: '874610f739097d24bc6498aa04886466') in 0.024248 seconds
Number of updated asset objects reloaded before import = 0
Number of asset objects unloaded after import = 7
========================================================================
Received Import Request.
  Time since last request: 0.000034 seconds.
  path: Assets/Sci-Fi Styled Modular Pack/Models/floor_2.fbx
  artifactKey: Guid(80b93341bf275fe408b1bd56cb261ce8) Importer(2089858483,0ecaa5967403d082aa24f35e1b516d23)
Start importing Assets/Sci-Fi Styled Modular Pack/Models/floor_2.fbx using Guid(80b93341bf275fe408b1bd56cb261ce8) Importer(2089858483,0ecaa5967403d082aa24f35e1b516d23) Generated GUIDs only implemented for interfaces!
 -> (artifact id: '4660affcf798c75508698be0d2b5ada0') in 0.016632 seconds
Number of updated asset objects reloaded before import = 0
Number of asset objects unloaded after import = 7
========================================================================
Received Import Request.
  Time since last request: 0.000017 seconds.
  path: Assets/Sci-Fi Styled Modular Pack/Models/decorative_half_wall_1_LOD0.fbx
  artifactKey: Guid(126da1070311a154885091b4c21323c5) Importer(2089858483,0ecaa5967403d082aa24f35e1b516d23)
Start importing Assets/Sci-Fi Styled Modular Pack/Models/decorative_half_wall_1_LOD0.fbx using Guid(126da1070311a154885091b4c21323c5) Importer(2089858483,0ecaa5967403d082aa24f35e1b516d23) Generated GUIDs only implemented for interfaces!
 -> (artifact id: 'ce9b2134ff33a482db3498f8b6555a8b') in 0.016984 seconds
Number of updated asset objects reloaded before import = 0
Number of asset objects unloaded after import = 7
========================================================================
Received Import Request.
  Time since last request: 0.000016 seconds.
  path: Assets/Sci-Fi Styled Modular Pack/Models/desk_no_computer.fbx
  artifactKey: Guid(2b266aa81ca5c3c4fa93f8e7f25793d0) Importer(2089858483,0ecaa5967403d082aa24f35e1b516d23)
Start importing Assets/Sci-Fi Styled Modular Pack/Models/desk_no_computer.fbx using Guid(2b266aa81ca5c3c4fa93f8e7f25793d0) Importer(2089858483,0ecaa5967403d082aa24f35e1b516d23) Generated GUIDs only implemented for interfaces!
 -> (artifact id: '8cd1037a33d6b53c141eaa5c5d864b6c') in 0.018496 seconds
Number of updated asset objects reloaded before import = 0
Number of asset objects unloaded after import = 7
========================================================================
Received Import Request.
  Time since last request: 0.000017 seconds.
  path: Assets/Sci-Fi Styled Modular Pack/Models/decorative_wall_6.fbx
  artifactKey: Guid(0577c0ca7d5215b40b00822d5aa8dc39) Importer(2089858483,0ecaa5967403d082aa24f35e1b516d23)
Start importing Assets/Sci-Fi Styled Modular Pack/Models/decorative_wall_6.fbx using Guid(0577c0ca7d5215b40b00822d5aa8dc39) Importer(2089858483,0ecaa5967403d082aa24f35e1b516d23) Generated GUIDs only implemented for interfaces!
 -> (artifact id: '3811cac33cc875dbfa03aa02cefa9f2d') in 0.019892 seconds
Number of updated asset objects reloaded before import = 0
Number of asset objects unloaded after import = 7
========================================================================
Received Import Request.
  Time since last request: 0.000029 seconds.
  path: Assets/Sci-Fi Styled Modular Pack/Models/blank_wall_D.fbx
  artifactKey: Guid(f2542f8a4907dc24d9a2eea57712af9e) Importer(2089858483,0ecaa5967403d082aa24f35e1b516d23)
Start importing Assets/Sci-Fi Styled Modular Pack/Models/blank_wall_D.fbx using Guid(f2542f8a4907dc24d9a2eea57712af9e) Importer(2089858483,0ecaa5967403d082aa24f35e1b516d23) Generated GUIDs only implemented for interfaces!
 -> (artifact id: '475d7b9adabbf7dc99f240da5f843b25') in 0.013231 seconds
Number of updated asset objects reloaded before import = 0
Number of asset objects unloaded after import = 7
========================================================================
Received Import Request.
  Time since last request: 0.000016 seconds.
  path: Assets/Sci-Fi Styled Modular Pack/Models/floor_2_blank.fbx
  artifactKey: Guid(6b5e3e371019b014c8a1782fd047102e) Importer(2089858483,0ecaa5967403d082aa24f35e1b516d23)
Start importing Assets/Sci-Fi Styled Modular Pack/Models/floor_2_blank.fbx using Guid(6b5e3e371019b014c8a1782fd047102e) Importer(2089858483,0ecaa5967403d082aa24f35e1b516d23) Generated GUIDs only implemented for interfaces!
 -> (artifact id: '915420daa8159c5e7bfd4da59d16be73') in 0.016577 seconds
Number of updated asset objects reloaded before import = 0
Number of asset objects unloaded after import = 7
========================================================================
Received Import Request.
  Time since last request: 0.000015 seconds.
  path: Assets/Sci-Fi Styled Modular Pack/Models/battery_big.fbx
  artifactKey: Guid(3968c912f8d8eb74db8c60e247cb61e7) Importer(2089858483,0ecaa5967403d082aa24f35e1b516d23)
Start importing Assets/Sci-Fi Styled Modular Pack/Models/battery_big.fbx using Guid(3968c912f8d8eb74db8c60e247cb61e7) Importer(2089858483,0ecaa5967403d082aa24f35e1b516d23) Generated GUIDs only implemented for interfaces!
 -> (artifact id: 'be4b458ad699d5d26d241e93f176490e') in 0.014857 seconds
Number of updated asset objects reloaded before import = 0
Number of asset objects unloaded after import = 7
========================================================================
Received Import Request.
  Time since last request: 0.000018 seconds.
  path: Assets/Sci-Fi Styled Modular Pack/Models/decorative_wall_E.fbx
  artifactKey: Guid(40166e8c866e1ec4a8a5b9055666ddd8) Importer(2089858483,0ecaa5967403d082aa24f35e1b516d23)
Start importing Assets/Sci-Fi Styled Modular Pack/Models/decorative_wall_E.fbx using Guid(40166e8c866e1ec4a8a5b9055666ddd8) Importer(2089858483,0ecaa5967403d082aa24f35e1b516d23) Generated GUIDs only implemented for interfaces!
 -> (artifact id: '6d8a135d629e5d2d76cab704fd1bef0a') in 0.017892 seconds
Number of updated asset objects reloaded before import = 0
Number of asset objects unloaded after import = 7
========================================================================
Received Import Request.
  Time since last request: 0.000017 seconds.
  path: Assets/Sci-Fi Styled Modular Pack/Models/decorative_wall_5.fbx
  artifactKey: Guid(78fd4647be0da2e4dbbb4bc3cfe6ca31) Importer(2089858483,0ecaa5967403d082aa24f35e1b516d23)
Start importing Assets/Sci-Fi Styled Modular Pack/Models/decorative_wall_5.fbx using Guid(78fd4647be0da2e4dbbb4bc3cfe6ca31) Importer(2089858483,0ecaa5967403d082aa24f35e1b516d23) Generated GUIDs only implemented for interfaces!
 -> (artifact id: '43894cef1b1fdf9fc40ab6d1733d416e') in 0.016154 seconds
Number of updated asset objects reloaded before import = 0
Number of asset objects unloaded after import = 7
========================================================================
Received Import Request.
  Time since last request: 0.000017 seconds.
  path: Assets/Sci-Fi Styled Modular Pack/Models/battery.fbx
  artifactKey: Guid(154329710c2ffe04397c646ac704cdce) Importer(2089858483,0ecaa5967403d082aa24f35e1b516d23)
Start importing Assets/Sci-Fi Styled Modular Pack/Models/battery.fbx using Guid(154329710c2ffe04397c646ac704cdce) Importer(2089858483,0ecaa5967403d082aa24f35e1b516d23) Generated GUIDs only implemented for interfaces!
 -> (artifact id: '3d4fc861dd1eb1adf486183438a33154') in 0.013836 seconds
Number of updated asset objects reloaded before import = 0
Number of asset objects unloaded after import = 7
========================================================================
Received Import Request.
  Time since last request: 0.000022 seconds.
  path: Assets/Sci-Fi Styled Modular Pack/Models/blank_wall_B.fbx
  artifactKey: Guid(177afface069d0c47af680d3f8a5815e) Importer(2089858483,0ecaa5967403d082aa24f35e1b516d23)
Start importing Assets/Sci-Fi Styled Modular Pack/Models/blank_wall_B.fbx using Guid(177afface069d0c47af680d3f8a5815e) Importer(2089858483,0ecaa5967403d082aa24f35e1b516d23) Generated GUIDs only implemented for interfaces!
 -> (artifact id: '7e79a42815acf5f58b706295b968154e') in 0.018059 seconds
Number of updated asset objects reloaded before import = 0
Number of asset objects unloaded after import = 7
========================================================================
Received Import Request.
  Time since last request: 0.000057 seconds.
  path: Assets/Sci-Fi Styled Modular Pack/Models/decorative_plant_desk.fbx
  artifactKey: Guid(3112b0e09a01a2f4abd3ff0277d70a78) Importer(2089858483,0ecaa5967403d082aa24f35e1b516d23)
Start importing Assets/Sci-Fi Styled Modular Pack/Models/decorative_plant_desk.fbx using Guid(3112b0e09a01a2f4abd3ff0277d70a78) Importer(2089858483,0ecaa5967403d082aa24f35e1b516d23) Generated GUIDs only implemented for interfaces!
 -> (artifact id: '6a1b4ff1d22be4b6441c597b6575469c') in 0.018786 seconds
Number of updated asset objects reloaded before import = 0
Number of asset objects unloaded after import = 7
========================================================================
Received Import Request.
  Time since last request: 0.000020 seconds.
  path: Assets/Sci-Fi Styled Modular Pack/Models/shield_generator_rotor.fbx
  artifactKey: Guid(d87e6b42fd353414cb31b1615da9d5d4) Importer(2089858483,0ecaa5967403d082aa24f35e1b516d23)
Start importing Assets/Sci-Fi Styled Modular Pack/Models/shield_generator_rotor.fbx using Guid(d87e6b42fd353414cb31b1615da9d5d4) Importer(2089858483,0ecaa5967403d082aa24f35e1b516d23) Generated GUIDs only implemented for interfaces!
 -> (artifact id: 'e340772a4d53b4749aa31b64776c38b2') in 0.019010 seconds
Number of updated asset objects reloaded before import = 0
Number of asset objects unloaded after import = 9
========================================================================
Received Import Request.
  Time since last request: 0.000014 seconds.
  path: Assets/Sci-Fi Styled Modular Pack/Models/floor_3_LOD0.fbx
  artifactKey: Guid(098298ac5885d644b88e23acae396497) Importer(2089858483,0ecaa5967403d082aa24f35e1b516d23)
Start importing Assets/Sci-Fi Styled Modular Pack/Models/floor_3_LOD0.fbx using Guid(098298ac5885d644b88e23acae396497) Importer(2089858483,0ecaa5967403d082aa24f35e1b516d23) Generated GUIDs only implemented for interfaces!
 -> (artifact id: '4dd3f4fe4ce45b8b07a4d29ff01cdb09') in 0.015414 seconds
Number of updated asset objects reloaded before import = 0
Number of asset objects unloaded after import = 7
========================================================================
Received Import Request.
  Time since last request: 0.000015 seconds.
  path: Assets/Sci-Fi Styled Modular Pack/Models/floor_corner_ornament_pipes_corner.fbx
  artifactKey: Guid(b22ce922b3b4aae46bfa2eeeea927f6d) Importer(2089858483,0ecaa5967403d082aa24f35e1b516d23)
Start importing Assets/Sci-Fi Styled Modular Pack/Models/floor_corner_ornament_pipes_corner.fbx using Guid(b22ce922b3b4aae46bfa2eeeea927f6d) Importer(2089858483,0ecaa5967403d082aa24f35e1b516d23) Generated GUIDs only implemented for interfaces!
 -> (artifact id: '9f1f4bb52c57dc1935085cff248e8062') in 0.019156 seconds
Number of updated asset objects reloaded before import = 0
Number of asset objects unloaded after import = 7
========================================================================
Received Import Request.
  Time since last request: 0.000016 seconds.
  path: Assets/Sci-Fi Styled Modular Pack/Models/Cylinder_16_extended.fbx
  artifactKey: Guid(d62ba206d6f3125429f5213d81c32eb0) Importer(2089858483,0ecaa5967403d082aa24f35e1b516d23)
Start importing Assets/Sci-Fi Styled Modular Pack/Models/Cylinder_16_extended.fbx using Guid(d62ba206d6f3125429f5213d81c32eb0) Importer(2089858483,0ecaa5967403d082aa24f35e1b516d23) Generated GUIDs only implemented for interfaces!
 -> (artifact id: '56f28363b596be2c3c01d0461542c6ac') in 0.022824 seconds
Number of updated asset objects reloaded before import = 0
Number of asset objects unloaded after import = 7
========================================================================
Received Import Request.
  Time since last request: 0.000018 seconds.
  path: Assets/Sci-Fi Styled Modular Pack/Models/light_wall_1_blue.fbx
  artifactKey: Guid(df2a0aea3cdc2bb49a0c359b09b0abdd) Importer(2089858483,0ecaa5967403d082aa24f35e1b516d23)
Start importing Assets/Sci-Fi Styled Modular Pack/Models/light_wall_1_blue.fbx using Guid(df2a0aea3cdc2bb49a0c359b09b0abdd) Importer(2089858483,0ecaa5967403d082aa24f35e1b516d23) Generated GUIDs only implemented for interfaces!
 -> (artifact id: '9c097990fa21fd0504118c144bc44644') in 0.018556 seconds
Number of updated asset objects reloaded before import = 0
Number of asset objects unloaded after import = 7
========================================================================
Received Import Request.
  Time since last request: 0.000027 seconds.
  path: Assets/Sci-Fi Styled Modular Pack/Models/frame_door_1.fbx
  artifactKey: Guid(5ef3bd15c7a0fda4a917c80a4797b8aa) Importer(2089858483,0ecaa5967403d082aa24f35e1b516d23)
Start importing Assets/Sci-Fi Styled Modular Pack/Models/frame_door_1.fbx using Guid(5ef3bd15c7a0fda4a917c80a4797b8aa) Importer(2089858483,0ecaa5967403d082aa24f35e1b516d23) Generated GUIDs only implemented for interfaces!
 -> (artifact id: '6673b58da58118aa1dbcf740fb072ef4') in 0.033083 seconds
Number of updated asset objects reloaded before import = 0
Number of asset objects unloaded after import = 9
========================================================================
Received Import Request.
  Time since last request: 0.000034 seconds.
  path: Assets/Sci-Fi Styled Modular Pack/Models/light_wall_2.fbx
  artifactKey: Guid(1d91adeb4e5ba474aa18a7424a210d7c) Importer(2089858483,0ecaa5967403d082aa24f35e1b516d23)
Start importing Assets/Sci-Fi Styled Modular Pack/Models/light_wall_2.fbx using Guid(1d91adeb4e5ba474aa18a7424a210d7c) Importer(2089858483,0ecaa5967403d082aa24f35e1b516d23) Generated GUIDs only implemented for interfaces!
 -> (artifact id: 'e444ee1d0b8d2ded585de92800f02701') in 0.019176 seconds
Number of updated asset objects reloaded before import = 0
Number of asset objects unloaded after import = 7
========================================================================
Received Import Request.
  Time since last request: 0.000015 seconds.
  path: Assets/Sci-Fi Styled Modular Pack/Models/floor_1_LOD1.fbx
  artifactKey: Guid(c36834fa2d8d0504e9842a6454f207ca) Importer(2089858483,0ecaa5967403d082aa24f35e1b516d23)
Start importing Assets/Sci-Fi Styled Modular Pack/Models/floor_1_LOD1.fbx using Guid(c36834fa2d8d0504e9842a6454f207ca) Importer(2089858483,0ecaa5967403d082aa24f35e1b516d23) Generated GUIDs only implemented for interfaces!
 -> (artifact id: '5e4f2ec1bea2f0869eaf13ce6878a80b') in 0.020116 seconds
Number of updated asset objects reloaded before import = 0
Number of asset objects unloaded after import = 7
========================================================================
Received Import Request.
  Time since last request: 0.000020 seconds.
  path: Assets/Sci-Fi Styled Modular Pack/Models/sign.fbx
  artifactKey: Guid(0408209e84f13ea468a6199efe18a92e) Importer(2089858483,0ecaa5967403d082aa24f35e1b516d23)
Start importing Assets/Sci-Fi Styled Modular Pack/Models/sign.fbx using Guid(0408209e84f13ea468a6199efe18a92e) Importer(2089858483,0ecaa5967403d082aa24f35e1b516d23) Generated GUIDs only implemented for interfaces!
 -> (artifact id: '7bc6f86f50cc0e3ee500442bcddb9b6c') in 0.025636 seconds
Number of updated asset objects reloaded before import = 0
Number of asset objects unloaded after import = 7
========================================================================
Received Import Request.
  Time since last request: 0.000039 seconds.
  path: Assets/Sci-Fi Styled Modular Pack/Models/column_kneel_2.fbx
  artifactKey: Guid(b250e3bd6d5535e4798eee919e2f8cd2) Importer(2089858483,0ecaa5967403d082aa24f35e1b516d23)
Start importing Assets/Sci-Fi Styled Modular Pack/Models/column_kneel_2.fbx using Guid(b250e3bd6d5535e4798eee919e2f8cd2) Importer(2089858483,0ecaa5967403d082aa24f35e1b516d23) Generated GUIDs only implemented for interfaces!
 -> (artifact id: 'dd0114a816416ee0cf6b6dc51f3b0d18') in 0.017735 seconds
Number of updated asset objects reloaded before import = 0
Number of asset objects unloaded after import = 7
========================================================================
Received Import Request.
  Time since last request: 0.000017 seconds.
  path: Assets/Sci-Fi Styled Modular Pack/Models/container_small.fbx
  artifactKey: Guid(13f31c8427fd865429e533cea99b63c2) Importer(2089858483,0ecaa5967403d082aa24f35e1b516d23)
Start importing Assets/Sci-Fi Styled Modular Pack/Models/container_small.fbx using Guid(13f31c8427fd865429e533cea99b63c2) Importer(2089858483,0ecaa5967403d082aa24f35e1b516d23) Generated GUIDs only implemented for interfaces!
 -> (artifact id: 'bade3a013764fe6d255d883e928e50c0') in 0.014157 seconds
Number of updated asset objects reloaded before import = 0
Number of asset objects unloaded after import = 7
========================================================================
Received Import Request.
  Time since last request: 0.000014 seconds.
  path: Assets/Sci-Fi Styled Modular Pack/Models/battery_medium.fbx
  artifactKey: Guid(c1c48e1341ea35d4fa172cdb915ed140) Importer(2089858483,0ecaa5967403d082aa24f35e1b516d23)
Start importing Assets/Sci-Fi Styled Modular Pack/Models/battery_medium.fbx using Guid(c1c48e1341ea35d4fa172cdb915ed140) Importer(2089858483,0ecaa5967403d082aa24f35e1b516d23) Generated GUIDs only implemented for interfaces!
 -> (artifact id: '5f02a0ff3e4f40942a6a5ca8d2e1d7e5') in 0.014344 seconds
Number of updated asset objects reloaded before import = 0
Number of asset objects unloaded after import = 7
========================================================================
Received Import Request.
  Time since last request: 0.000019 seconds.
  path: Assets/Sci-Fi Styled Modular Pack/Models/bulletin_board_big.fbx
  artifactKey: Guid(ef8bfa582b4ce25439555bbe6679213a) Importer(2089858483,0ecaa5967403d082aa24f35e1b516d23)
Start importing Assets/Sci-Fi Styled Modular Pack/Models/bulletin_board_big.fbx using Guid(ef8bfa582b4ce25439555bbe6679213a) Importer(2089858483,0ecaa5967403d082aa24f35e1b516d23) Generated GUIDs only implemented for interfaces!
 -> (artifact id: 'e829346ab0b35e582ea874067054c73d') in 0.017111 seconds
Number of updated asset objects reloaded before import = 0
Number of asset objects unloaded after import = 7
========================================================================
Received Import Request.
  Time since last request: 0.000038 seconds.
  path: Assets/Sci-Fi Styled Modular Pack/Models/floor_3.fbx
  artifactKey: Guid(b7a322c99327cd54e93247179413bca8) Importer(2089858483,0ecaa5967403d082aa24f35e1b516d23)
Start importing Assets/Sci-Fi Styled Modular Pack/Models/floor_3.fbx using Guid(b7a322c99327cd54e93247179413bca8) Importer(2089858483,0ecaa5967403d082aa24f35e1b516d23) Generated GUIDs only implemented for interfaces!
 -> (artifact id: 'd12025b5007d383d2f4d1a604cdb5e1f') in 0.019007 seconds
Number of updated asset objects reloaded before import = 0
Number of asset objects unloaded after import = 7
========================================================================
Received Import Request.
  Time since last request: 0.000015 seconds.
  path: Assets/Sci-Fi Styled Modular Pack/Models/door_3_top_B.fbx
  artifactKey: Guid(9a1b5ea44f8fd5948bb54f69cdbeb568) Importer(2089858483,0ecaa5967403d082aa24f35e1b516d23)
Start importing Assets/Sci-Fi Styled Modular Pack/Models/door_3_top_B.fbx using Guid(9a1b5ea44f8fd5948bb54f69cdbeb568) Importer(2089858483,0ecaa5967403d082aa24f35e1b516d23) Generated GUIDs only implemented for interfaces!
 -> (artifact id: '791b5c315722a8f16de7a65d8bcbb117') in 0.017894 seconds
Number of updated asset objects reloaded before import = 0
Number of asset objects unloaded after import = 9
========================================================================
Received Import Request.
  Time since last request: 0.000015 seconds.
  path: Assets/Sci-Fi Styled Modular Pack/Models/decorative_table_glass_only_top.fbx
  artifactKey: Guid(ff8f8f75adfd48d4991367a973d14ad3) Importer(2089858483,0ecaa5967403d082aa24f35e1b516d23)
Start importing Assets/Sci-Fi Styled Modular Pack/Models/decorative_table_glass_only_top.fbx using Guid(ff8f8f75adfd48d4991367a973d14ad3) Importer(2089858483,0ecaa5967403d082aa24f35e1b516d23) Generated GUIDs only implemented for interfaces!
 -> (artifact id: '8b351ac232d92744dbda2e95c55969e9') in 0.018241 seconds
Number of updated asset objects reloaded before import = 0
Number of asset objects unloaded after import = 7
========================================================================
Received Import Request.
  Time since last request: 0.000083 seconds.
  path: Assets/Sci-Fi Styled Modular Pack/Models/hologram_LOD0.fbx
  artifactKey: Guid(d77c6e2e51bc37641acd6ddc5f81209b) Importer(2089858483,0ecaa5967403d082aa24f35e1b516d23)
Start importing Assets/Sci-Fi Styled Modular Pack/Models/hologram_LOD0.fbx using Guid(d77c6e2e51bc37641acd6ddc5f81209b) Importer(2089858483,0ecaa5967403d082aa24f35e1b516d23) Generated GUIDs only implemented for interfaces!
 -> (artifact id: 'b3ac07b64f27f247b7e5c0b7d3f02c7e') in 0.019457 seconds
Number of updated asset objects reloaded before import = 0
Number of asset objects unloaded after import = 7
========================================================================
Received Import Request.
  Time since last request: 0.000021 seconds.
  path: Assets/Sci-Fi Styled Modular Pack/Models/light_celing_1.fbx
  artifactKey: Guid(f9a81df43f44a034bb591be3029197f1) Importer(2089858483,0ecaa5967403d082aa24f35e1b516d23)
Start importing Assets/Sci-Fi Styled Modular Pack/Models/light_celing_1.fbx using Guid(f9a81df43f44a034bb591be3029197f1) Importer(2089858483,0ecaa5967403d082aa24f35e1b516d23) Generated GUIDs only implemented for interfaces!
 -> (artifact id: '02e1e6d4b8d6d9528caeb4c6afe6547e') in 0.014556 seconds
Number of updated asset objects reloaded before import = 0
Number of asset objects unloaded after import = 7
========================================================================
Received Import Request.
  Time since last request: 0.000015 seconds.
  path: Assets/Sci-Fi Styled Modular Pack/Models/light_wall_2_blue.fbx
  artifactKey: Guid(d3a1262c7f860b5439d4734d0d8786fb) Importer(2089858483,0ecaa5967403d082aa24f35e1b516d23)
Start importing Assets/Sci-Fi Styled Modular Pack/Models/light_wall_2_blue.fbx using Guid(d3a1262c7f860b5439d4734d0d8786fb) Importer(2089858483,0ecaa5967403d082aa24f35e1b516d23) Generated GUIDs only implemented for interfaces!
 -> (artifact id: '24106703e777641f12bd28de9a2c6004') in 0.016311 seconds
Number of updated asset objects reloaded before import = 0
Number of asset objects unloaded after import = 7
========================================================================
Received Import Request.
  Time since last request: 0.000021 seconds.
  path: Assets/Sci-Fi Styled Modular Pack/Models/frame_door_2_colision_mesh.fbx
  artifactKey: Guid(4e1b01f9c50ee5343afe22990d2feba9) Importer(2089858483,0ecaa5967403d082aa24f35e1b516d23)
Start importing Assets/Sci-Fi Styled Modular Pack/Models/frame_door_2_colision_mesh.fbx using Guid(4e1b01f9c50ee5343afe22990d2feba9) Importer(2089858483,0ecaa5967403d082aa24f35e1b516d23) Generated GUIDs only implemented for interfaces!
 -> (artifact id: '40bebee34b34b3826e0a5e9b51da0d41') in 0.020514 seconds
Number of updated asset objects reloaded before import = 0
Number of asset objects unloaded after import = 7
========================================================================
Received Import Request.
  Time since last request: 0.000017 seconds.
  path: Assets/Sci-Fi Styled Modular Pack/Models/floor_2_L_LOD0.fbx
  artifactKey: Guid(dd0e6c5981600b342aae11c813c53c17) Importer(2089858483,0ecaa5967403d082aa24f35e1b516d23)
Start importing Assets/Sci-Fi Styled Modular Pack/Models/floor_2_L_LOD0.fbx using Guid(dd0e6c5981600b342aae11c813c53c17) Importer(2089858483,0ecaa5967403d082aa24f35e1b516d23) Generated GUIDs only implemented for interfaces!
 -> (artifact id: '5ea69685d93bb5fbf176138cd3fd3334') in 0.017456 seconds
Number of updated asset objects reloaded before import = 0
Number of asset objects unloaded after import = 7
========================================================================
Received Import Request.
  Time since last request: 0.000019 seconds.
  path: Assets/Sci-Fi Styled Modular Pack/Models/floor_1_LOD0.fbx
  artifactKey: Guid(2497a48cf43e1554aa0c4feb1c7e9d69) Importer(2089858483,0ecaa5967403d082aa24f35e1b516d23)
Start importing Assets/Sci-Fi Styled Modular Pack/Models/floor_1_LOD0.fbx using Guid(2497a48cf43e1554aa0c4feb1c7e9d69) Importer(2089858483,0ecaa5967403d082aa24f35e1b516d23) Generated GUIDs only implemented for interfaces!
 -> (artifact id: 'e8639c3a7fd4b67b00de2207da773c00') in 0.016307 seconds
Number of updated asset objects reloaded before import = 0
Number of asset objects unloaded after import = 7
========================================================================
Received Import Request.
  Time since last request: 0.000020 seconds.
  path: Assets/Sci-Fi Styled Modular Pack/Models/decorative_wall_1_LOD1.fbx
  artifactKey: Guid(0eb978c8eaeb00e4882ac2cf4e1ab020) Importer(2089858483,0ecaa5967403d082aa24f35e1b516d23)
Start importing Assets/Sci-Fi Styled Modular Pack/Models/decorative_wall_1_LOD1.fbx using Guid(0eb978c8eaeb00e4882ac2cf4e1ab020) Importer(2089858483,0ecaa5967403d082aa24f35e1b516d23) Generated GUIDs only implemented for interfaces!
 -> (artifact id: 'e4575bc5833351aaeb39b2958f3afd4d') in 0.017309 seconds
Number of updated asset objects reloaded before import = 0
Number of asset objects unloaded after import = 7
========================================================================
Received Import Request.
  Time since last request: 0.000024 seconds.
  path: Assets/Sci-Fi Styled Modular Pack/Models/decorative_wall_G.fbx
  artifactKey: Guid(08dbef46dec1e104cbd67ed53900e56d) Importer(2089858483,0ecaa5967403d082aa24f35e1b516d23)
Start importing Assets/Sci-Fi Styled Modular Pack/Models/decorative_wall_G.fbx using Guid(08dbef46dec1e104cbd67ed53900e56d) Importer(2089858483,0ecaa5967403d082aa24f35e1b516d23) Generated GUIDs only implemented for interfaces!
 -> (artifact id: '53f41fa93aefffb2fa0a575b815d24de') in 0.018395 seconds
Number of updated asset objects reloaded before import = 0
Number of asset objects unloaded after import = 7
========================================================================
Received Import Request.
  Time since last request: 0.000023 seconds.
  path: Assets/Sci-Fi Styled Modular Pack/Models/container_big.fbx
  artifactKey: Guid(1037e3cf0dc55a54fb6095b7d4075f91) Importer(2089858483,0ecaa5967403d082aa24f35e1b516d23)
Start importing Assets/Sci-Fi Styled Modular Pack/Models/container_big.fbx using Guid(1037e3cf0dc55a54fb6095b7d4075f91) Importer(2089858483,0ecaa5967403d082aa24f35e1b516d23) Generated GUIDs only implemented for interfaces!
 -> (artifact id: 'dbc7abd2a04f892a9ccfc90add205d59') in 0.016375 seconds
Number of updated asset objects reloaded before import = 0
Number of asset objects unloaded after import = 7
========================================================================
Received Import Request.
  Time since last request: 0.000014 seconds.
  path: Assets/Sci-Fi Styled Modular Pack/Models/Joint_X_6.fbx
  artifactKey: Guid(a54849c19a66acc4bb991fcc053633dd) Importer(2089858483,0ecaa5967403d082aa24f35e1b516d23)
Start importing Assets/Sci-Fi Styled Modular Pack/Models/Joint_X_6.fbx using Guid(a54849c19a66acc4bb991fcc053633dd) Importer(2089858483,0ecaa5967403d082aa24f35e1b516d23) Generated GUIDs only implemented for interfaces!
 -> (artifact id: 'e2f3ab10083ff4fc088d2aacc5fe177d') in 0.015547 seconds
Number of updated asset objects reloaded before import = 0
Number of asset objects unloaded after import = 7
========================================================================
Received Import Request.
  Time since last request: 0.000020 seconds.
  path: Assets/Sci-Fi Styled Modular Pack/Models/console_celing.fbx
  artifactKey: Guid(a6a5e0bb41ac5234fb1d67dd58baab40) Importer(2089858483,0ecaa5967403d082aa24f35e1b516d23)
Start importing Assets/Sci-Fi Styled Modular Pack/Models/console_celing.fbx using Guid(a6a5e0bb41ac5234fb1d67dd58baab40) Importer(2089858483,0ecaa5967403d082aa24f35e1b516d23) Generated GUIDs only implemented for interfaces!
 -> (artifact id: '5ef18ff3d9c4d97e9c7323789858594f') in 0.018817 seconds
Number of updated asset objects reloaded before import = 0
Number of asset objects unloaded after import = 7
========================================================================
Received Import Request.
  Time since last request: 0.000017 seconds.
  path: Assets/Sci-Fi Styled Modular Pack/Models/decorative_table_small_glass.fbx
  artifactKey: Guid(104ded7e93806b744a1364d38f56238c) Importer(2089858483,0ecaa5967403d082aa24f35e1b516d23)
Start importing Assets/Sci-Fi Styled Modular Pack/Models/decorative_table_small_glass.fbx using Guid(104ded7e93806b744a1364d38f56238c) Importer(2089858483,0ecaa5967403d082aa24f35e1b516d23) Generated GUIDs only implemented for interfaces!
 -> (artifact id: '5328290fdbea84501f7ca185769c2951') in 0.019742 seconds
Number of updated asset objects reloaded before import = 0
Number of asset objects unloaded after import = 7
========================================================================
Received Import Request.
  Time since last request: 0.000017 seconds.
  path: Assets/Sci-Fi Styled Modular Pack/Models/decorative_wall_4_no_computer_LOD1.fbx
  artifactKey: Guid(5d3d38b9dc0d8f64db55c838c959297a) Importer(2089858483,0ecaa5967403d082aa24f35e1b516d23)
Start importing Assets/Sci-Fi Styled Modular Pack/Models/decorative_wall_4_no_computer_LOD1.fbx using Guid(5d3d38b9dc0d8f64db55c838c959297a) Importer(2089858483,0ecaa5967403d082aa24f35e1b516d23) Generated GUIDs only implemented for interfaces!
 -> (artifact id: '0095ca22389e6a0fb0864b4fcec65b21') in 0.017642 seconds
Number of updated asset objects reloaded before import = 0
Number of asset objects unloaded after import = 7
========================================================================
Received Import Request.
  Time since last request: 0.000013 seconds.
  path: Assets/Sci-Fi Styled Modular Pack/Models/bed.fbx
  artifactKey: Guid(9f483ba0e96f1414a84ea4b0fbc13414) Importer(2089858483,0ecaa5967403d082aa24f35e1b516d23)
Start importing Assets/Sci-Fi Styled Modular Pack/Models/bed.fbx using Guid(9f483ba0e96f1414a84ea4b0fbc13414) Importer(2089858483,0ecaa5967403d082aa24f35e1b516d23) Generated GUIDs only implemented for interfaces!
 -> (artifact id: '7668c4c5f19e41c1eec6ae7b8dfe1028') in 0.014595 seconds
Number of updated asset objects reloaded before import = 0
Number of asset objects unloaded after import = 7
========================================================================
Received Import Request.
  Time since last request: 0.000016 seconds.
  path: Assets/Sci-Fi Styled Modular Pack/Models/bulletin_board_small.fbx
  artifactKey: Guid(1a4d745aad5a4c14ea26a3818a4b4adf) Importer(2089858483,0ecaa5967403d082aa24f35e1b516d23)
Start importing Assets/Sci-Fi Styled Modular Pack/Models/bulletin_board_small.fbx using Guid(1a4d745aad5a4c14ea26a3818a4b4adf) Importer(2089858483,0ecaa5967403d082aa24f35e1b516d23) Generated GUIDs only implemented for interfaces!
 -> (artifact id: 'a54c7fb9e97bf4ad0ef2f658bdce76ad') in 0.017257 seconds
Number of updated asset objects reloaded before import = 0
Number of asset objects unloaded after import = 7
========================================================================
Received Import Request.
  Time since last request: 0.000021 seconds.
  path: Assets/Sci-Fi Styled Modular Pack/Models/glass_panel_1_door.fbx
  artifactKey: Guid(37fb91b59d4d2ba4da8fbcf15d055ebe) Importer(2089858483,0ecaa5967403d082aa24f35e1b516d23)
Start importing Assets/Sci-Fi Styled Modular Pack/Models/glass_panel_1_door.fbx using Guid(37fb91b59d4d2ba4da8fbcf15d055ebe) Importer(2089858483,0ecaa5967403d082aa24f35e1b516d23) Generated GUIDs only implemented for interfaces!
 -> (artifact id: '8256aded51080adb24eb0181763eadc2') in 0.021514 seconds
Number of updated asset objects reloaded before import = 0
Number of asset objects unloaded after import = 7
========================================================================
Received Import Request.
  Time since last request: 0.000015 seconds.
  path: Assets/Sci-Fi Styled Modular Pack/Models/rotor.fbx
  artifactKey: Guid(ad8c3b0ce9b6cce45ae865d0312ddc0f) Importer(2089858483,0ecaa5967403d082aa24f35e1b516d23)
Start importing Assets/Sci-Fi Styled Modular Pack/Models/rotor.fbx using Guid(ad8c3b0ce9b6cce45ae865d0312ddc0f) Importer(2089858483,0ecaa5967403d082aa24f35e1b516d23) Generated GUIDs only implemented for interfaces!
 -> (artifact id: 'e91a3070364d5c7184d0ec910dc1e135') in 0.016416 seconds
Number of updated asset objects reloaded before import = 0
Number of asset objects unloaded after import = 7
========================================================================
Received Import Request.
  Time since last request: 0.000014 seconds.
  path: Assets/Sci-Fi Styled Modular Pack/Models/hologram_LOD1.fbx
  artifactKey: Guid(11769dcbd1ff2664f93a1c127f1c64e6) Importer(2089858483,0ecaa5967403d082aa24f35e1b516d23)
Start importing Assets/Sci-Fi Styled Modular Pack/Models/hologram_LOD1.fbx using Guid(11769dcbd1ff2664f93a1c127f1c64e6) Importer(2089858483,0ecaa5967403d082aa24f35e1b516d23) Generated GUIDs only implemented for interfaces!
 -> (artifact id: '91e5fee9df2ce429a79ad41cdc643d44') in 0.015557 seconds
Number of updated asset objects reloaded before import = 0
Number of asset objects unloaded after import = 7
========================================================================
Received Import Request.
  Time since last request: 0.000017 seconds.
  path: Assets/Sci-Fi Styled Modular Pack/Models/glass_panel_1_with_door.fbx
  artifactKey: Guid(1d8fb1d801abb5741a1a870b2e3986dd) Importer(2089858483,0ecaa5967403d082aa24f35e1b516d23)
Start importing Assets/Sci-Fi Styled Modular Pack/Models/glass_panel_1_with_door.fbx using Guid(1d8fb1d801abb5741a1a870b2e3986dd) Importer(2089858483,0ecaa5967403d082aa24f35e1b516d23) Generated GUIDs only implemented for interfaces!
 -> (artifact id: '868ea1330be7708a3e0116c4c74a02b3') in 0.017041 seconds
Number of updated asset objects reloaded before import = 0
Number of asset objects unloaded after import = 7
========================================================================
Received Import Request.
  Time since last request: 0.000045 seconds.
  path: Assets/Sci-Fi Styled Modular Pack/Models/floor_2_no_lattice_LOD1.fbx
  artifactKey: Guid(3646a0c5f438c6f458c0e176c02676cb) Importer(2089858483,0ecaa5967403d082aa24f35e1b516d23)
Start importing Assets/Sci-Fi Styled Modular Pack/Models/floor_2_no_lattice_LOD1.fbx using Guid(3646a0c5f438c6f458c0e176c02676cb) Importer(2089858483,0ecaa5967403d082aa24f35e1b516d23) Generated GUIDs only implemented for interfaces!
 -> (artifact id: 'a22c34d98f1a8ed6f4bbfecb5aa9bd38') in 0.018060 seconds
Number of updated asset objects reloaded before import = 0
Number of asset objects unloaded after import = 7
========================================================================
Received Import Request.
  Time since last request: 0.000016 seconds.
  path: Assets/Sci-Fi Styled Modular Pack/Models/hydroponic.fbx
  artifactKey: Guid(d25667413966ff9489e781bb0a679320) Importer(2089858483,0ecaa5967403d082aa24f35e1b516d23)
Start importing Assets/Sci-Fi Styled Modular Pack/Models/hydroponic.fbx using Guid(d25667413966ff9489e781bb0a679320) Importer(2089858483,0ecaa5967403d082aa24f35e1b516d23) Generated GUIDs only implemented for interfaces!
 -> (artifact id: '18aa31741b455eff2750a75898e3a1e2') in 0.017056 seconds
Number of updated asset objects reloaded before import = 0
Number of asset objects unloaded after import = 7
========================================================================
Received Import Request.
  Time since last request: 0.000012 seconds.
  path: Assets/Sci-Fi Styled Modular Pack/Models/glass_panel_1.fbx
  artifactKey: Guid(45b0c780de07415429014e5e666d90ac) Importer(2089858483,0ecaa5967403d082aa24f35e1b516d23)
Start importing Assets/Sci-Fi Styled Modular Pack/Models/glass_panel_1.fbx using Guid(45b0c780de07415429014e5e666d90ac) Importer(2089858483,0ecaa5967403d082aa24f35e1b516d23) Generated GUIDs only implemented for interfaces!
 -> (artifact id: '1f9dfe0bfc7318948b1b68d754db66f0') in 0.015050 seconds
Number of updated asset objects reloaded before import = 0
Number of asset objects unloaded after import = 7
========================================================================
Received Import Request.
  Time since last request: 0.000018 seconds.
  path: Assets/Sci-Fi Styled Modular Pack/Models/generator.fbx
  artifactKey: Guid(6cd83fcc4adf4ed4a8c93b3706ff1da1) Importer(2089858483,0ecaa5967403d082aa24f35e1b516d23)
Start importing Assets/Sci-Fi Styled Modular Pack/Models/generator.fbx using Guid(6cd83fcc4adf4ed4a8c93b3706ff1da1) Importer(2089858483,0ecaa5967403d082aa24f35e1b516d23) Generated GUIDs only implemented for interfaces!
 -> (artifact id: 'a225ea39c11086ea1d37e7a027aec235') in 0.015463 seconds
Number of updated asset objects reloaded before import = 0
Number of asset objects unloaded after import = 7
========================================================================
Received Import Request.
  Time since last request: 0.000026 seconds.
  path: Assets/Sci-Fi Styled Modular Pack/Models/decorative_pilow_LOD0.fbx
  artifactKey: Guid(f3db2c97405c89448891b5f5e6f734db) Importer(2089858483,0ecaa5967403d082aa24f35e1b516d23)
Start importing Assets/Sci-Fi Styled Modular Pack/Models/decorative_pilow_LOD0.fbx using Guid(f3db2c97405c89448891b5f5e6f734db) Importer(2089858483,0ecaa5967403d082aa24f35e1b516d23) Generated GUIDs only implemented for interfaces!
 -> (artifact id: '8c4b27005f032793475e6b78f66454b6') in 0.019053 seconds
Number of updated asset objects reloaded before import = 0
Number of asset objects unloaded after import = 7
========================================================================
Received Import Request.
  Time since last request: 0.000017 seconds.
  path: Assets/Sci-Fi Styled Modular Pack/Models/computer_station.fbx
  artifactKey: Guid(2127a279fcaa46847ac918e39e53bad8) Importer(2089858483,0ecaa5967403d082aa24f35e1b516d23)
Start importing Assets/Sci-Fi Styled Modular Pack/Models/computer_station.fbx using Guid(2127a279fcaa46847ac918e39e53bad8) Importer(2089858483,0ecaa5967403d082aa24f35e1b516d23) Generated GUIDs only implemented for interfaces!
 -> (artifact id: '6ee0ac1aa1d66274445cec6b802ccc1a') in 0.015191 seconds
Number of updated asset objects reloaded before import = 0
Number of asset objects unloaded after import = 7
========================================================================
Received Import Request.
  Time since last request: 0.000015 seconds.
  path: Assets/Sci-Fi Styled Modular Pack/Models/floor_4.fbx
  artifactKey: Guid(106d47cb2df648043a2127f1a030963f) Importer(2089858483,0ecaa5967403d082aa24f35e1b516d23)
Start importing Assets/Sci-Fi Styled Modular Pack/Models/floor_4.fbx using Guid(106d47cb2df648043a2127f1a030963f) Importer(2089858483,0ecaa5967403d082aa24f35e1b516d23) Generated GUIDs only implemented for interfaces!
 -> (artifact id: '3d363cfdc6db81170c002cb86afd8151') in 0.016739 seconds
Number of updated asset objects reloaded before import = 0
Number of asset objects unloaded after import = 7
========================================================================
Received Import Request.
  Time since last request: 0.000019 seconds.
  path: Assets/Sci-Fi Styled Modular Pack/Models/decorative_half_wall_2_LOD1.fbx
  artifactKey: Guid(763877bc2c66e6641ad695116685b5a8) Importer(2089858483,0ecaa5967403d082aa24f35e1b516d23)
Start importing Assets/Sci-Fi Styled Modular Pack/Models/decorative_half_wall_2_LOD1.fbx using Guid(763877bc2c66e6641ad695116685b5a8) Importer(2089858483,0ecaa5967403d082aa24f35e1b516d23) Generated GUIDs only implemented for interfaces!
 -> (artifact id: 'dfdd6dd83400db43a6a60f00f298a262') in 0.022239 seconds
Number of updated asset objects reloaded before import = 0
Number of asset objects unloaded after import = 7
========================================================================
Received Import Request.
  Time since last request: 0.000354 seconds.
  path: Assets/Sci-Fi Styled Modular Pack/Models/decorative_table_small_no_glass.fbx
  artifactKey: Guid(e4f7e70184d1727499222527f1ac3508) Importer(2089858483,0ecaa5967403d082aa24f35e1b516d23)
Start importing Assets/Sci-Fi Styled Modular Pack/Models/decorative_table_small_no_glass.fbx using Guid(e4f7e70184d1727499222527f1ac3508) Importer(2089858483,0ecaa5967403d082aa24f35e1b516d23) Generated GUIDs only implemented for interfaces!
 -> (artifact id: 'c52545533656cf7321fe3aacb2a17c44') in 0.019214 seconds
Number of updated asset objects reloaded before import = 0
Number of asset objects unloaded after import = 7
========================================================================
Received Import Request.
  Time since last request: 0.000017 seconds.
  path: Assets/Sci-Fi Styled Modular Pack/Models/decorative_wall_3_LOD0.fbx
  artifactKey: Guid(6503a922a0ea44849b460610b2ab6d83) Importer(2089858483,0ecaa5967403d082aa24f35e1b516d23)
Start importing Assets/Sci-Fi Styled Modular Pack/Models/decorative_wall_3_LOD0.fbx using Guid(6503a922a0ea44849b460610b2ab6d83) Importer(2089858483,0ecaa5967403d082aa24f35e1b516d23) Generated GUIDs only implemented for interfaces!
 -> (artifact id: '9a9f8b2da968da754b40799cc39a4c7d') in 0.017232 seconds
Number of updated asset objects reloaded before import = 0
Number of asset objects unloaded after import = 7
========================================================================
Received Import Request.
  Time since last request: 0.000030 seconds.
  path: Assets/Sci-Fi Styled Modular Pack/Models/light_wall_3.fbx
  artifactKey: Guid(4b423724c4892d6438d29cb37b373290) Importer(2089858483,0ecaa5967403d082aa24f35e1b516d23)
Start importing Assets/Sci-Fi Styled Modular Pack/Models/light_wall_3.fbx using Guid(4b423724c4892d6438d29cb37b373290) Importer(2089858483,0ecaa5967403d082aa24f35e1b516d23) Generated GUIDs only implemented for interfaces!
 -> (artifact id: '226f86bff238d0fd84fd2111ded5b580') in 0.014673 seconds
Number of updated asset objects reloaded before import = 0
Number of asset objects unloaded after import = 7
========================================================================
Received Import Request.
  Time since last request: 0.000019 seconds.
  path: Assets/Sci-Fi Styled Modular Pack/Models/floor_5.fbx
  artifactKey: Guid(d33b92b4d2f9ca8409480ae83478fd61) Importer(2089858483,0ecaa5967403d082aa24f35e1b516d23)
Start importing Assets/Sci-Fi Styled Modular Pack/Models/floor_5.fbx using Guid(d33b92b4d2f9ca8409480ae83478fd61) Importer(2089858483,0ecaa5967403d082aa24f35e1b516d23) Generated GUIDs only implemented for interfaces!
 -> (artifact id: '85f4533985e6be4e843eb99058994418') in 0.025924 seconds
Number of updated asset objects reloaded before import = 0
Number of asset objects unloaded after import = 7
========================================================================
Received Import Request.
  Time since last request: 0.000024 seconds.
  path: Assets/Sci-Fi Styled Modular Pack/Models/floor_2_LOD0.fbx
  artifactKey: Guid(932518e1472904244afe21e844fd83ab) Importer(2089858483,0ecaa5967403d082aa24f35e1b516d23)
Start importing Assets/Sci-Fi Styled Modular Pack/Models/floor_2_LOD0.fbx using Guid(932518e1472904244afe21e844fd83ab) Importer(2089858483,0ecaa5967403d082aa24f35e1b516d23) Generated GUIDs only implemented for interfaces!
 -> (artifact id: '2c04f0366476b4fc12e974e6ad4cd5a4') in 0.018755 seconds
Number of updated asset objects reloaded before import = 0
Number of asset objects unloaded after import = 7
========================================================================
Received Import Request.
  Time since last request: 0.000121 seconds.
  path: Assets/Sci-Fi Styled Modular Pack/Models/frame_door_1_colision_mesh.fbx
  artifactKey: Guid(4bffff855c108e34c83d8605893f4c51) Importer(2089858483,0ecaa5967403d082aa24f35e1b516d23)
Start importing Assets/Sci-Fi Styled Modular Pack/Models/frame_door_1_colision_mesh.fbx using Guid(4bffff855c108e34c83d8605893f4c51) Importer(2089858483,0ecaa5967403d082aa24f35e1b516d23) Generated GUIDs only implemented for interfaces!
 -> (artifact id: '8a59bb9e3297fde63bcf4a545f52b30f') in 0.014682 seconds
Number of updated asset objects reloaded before import = 0
Number of asset objects unloaded after import = 7
========================================================================
Received Import Request.
  Time since last request: 0.000019 seconds.
  path: Assets/Sci-Fi Styled Modular Pack/Models/decorative_chair.fbx
  artifactKey: Guid(96bdbf948202cef43b00e20aa0e32a51) Importer(2089858483,0ecaa5967403d082aa24f35e1b516d23)
Start importing Assets/Sci-Fi Styled Modular Pack/Models/decorative_chair.fbx using Guid(96bdbf948202cef43b00e20aa0e32a51) Importer(2089858483,0ecaa5967403d082aa24f35e1b516d23) Generated GUIDs only implemented for interfaces!
 -> (artifact id: 'cc24fba64254482f2ec67d4f230568de') in 0.016365 seconds
Number of updated asset objects reloaded before import = 0
Number of asset objects unloaded after import = 7
========================================================================
Received Import Request.
  Time since last request: 0.000019 seconds.
  path: Assets/Sci-Fi Styled Modular Pack/Models/projector.fbx
  artifactKey: Guid(6e13b9f43374cc8499e762339fc31b45) Importer(2089858483,0ecaa5967403d082aa24f35e1b516d23)
Start importing Assets/Sci-Fi Styled Modular Pack/Models/projector.fbx using Guid(6e13b9f43374cc8499e762339fc31b45) Importer(2089858483,0ecaa5967403d082aa24f35e1b516d23) Generated GUIDs only implemented for interfaces!
 -> (artifact id: 'c542321110b85d681a3935297c877729') in 0.025464 seconds
Number of updated asset objects reloaded before import = 0
Number of asset objects unloaded after import = 7
========================================================================
Received Import Request.
  Time since last request: 0.000015 seconds.
  path: Assets/Sci-Fi Styled Modular Pack/Models/decorative_plant_small.fbx
  artifactKey: Guid(ee525e307c7e23c449adda79b8029a44) Importer(2089858483,0ecaa5967403d082aa24f35e1b516d23)
Start importing Assets/Sci-Fi Styled Modular Pack/Models/decorative_plant_small.fbx using Guid(ee525e307c7e23c449adda79b8029a44) Importer(2089858483,0ecaa5967403d082aa24f35e1b516d23) Generated GUIDs only implemented for interfaces!
 -> (artifact id: 'ac890a4eaab315953032902abfb2a922') in 0.017858 seconds
Number of updated asset objects reloaded before import = 0
Number of asset objects unloaded after import = 7
========================================================================
Received Import Request.
  Time since last request: 0.000016 seconds.
  path: Assets/Sci-Fi Styled Modular Pack/Models/light_wall_3_blue.fbx
  artifactKey: Guid(635460dae64fc0a48b0740cfb2e4f6d9) Importer(2089858483,0ecaa5967403d082aa24f35e1b516d23)
Start importing Assets/Sci-Fi Styled Modular Pack/Models/light_wall_3_blue.fbx using Guid(635460dae64fc0a48b0740cfb2e4f6d9) Importer(2089858483,0ecaa5967403d082aa24f35e1b516d23) Generated GUIDs only implemented for interfaces!
 -> (artifact id: 'fe773d3ad8f5ad3900f5d742a5cce3bd') in 0.016126 seconds
Number of updated asset objects reloaded before import = 0
Number of asset objects unloaded after import = 7
========================================================================
Received Import Request.
  Time since last request: 0.000015 seconds.
  path: Assets/Sci-Fi Styled Modular Pack/Models/door_3_top_A.fbx
  artifactKey: Guid(3be311fc74f12da458aabfa2ab641ad5) Importer(2089858483,0ecaa5967403d082aa24f35e1b516d23)
Start importing Assets/Sci-Fi Styled Modular Pack/Models/door_3_top_A.fbx using Guid(3be311fc74f12da458aabfa2ab641ad5) Importer(2089858483,0ecaa5967403d082aa24f35e1b516d23) Generated GUIDs only implemented for interfaces!
 -> (artifact id: '98f83cd069d8960be673d39858d0a09a') in 0.021974 seconds
Number of updated asset objects reloaded before import = 0
Number of asset objects unloaded after import = 9
========================================================================
Received Import Request.
  Time since last request: 0.000019 seconds.
  path: Assets/Sci-Fi Styled Modular Pack/Models/decorative_wall_4_computer_LOD1.fbx
  artifactKey: Guid(c23fae69e42c1a844878231b997a2c88) Importer(2089858483,0ecaa5967403d082aa24f35e1b516d23)
Start importing Assets/Sci-Fi Styled Modular Pack/Models/decorative_wall_4_computer_LOD1.fbx using Guid(c23fae69e42c1a844878231b997a2c88) Importer(2089858483,0ecaa5967403d082aa24f35e1b516d23) Generated GUIDs only implemented for interfaces!
 -> (artifact id: '5fc693b118427dbd01d0f21612b90427') in 0.016913 seconds
Number of updated asset objects reloaded before import = 0
Number of asset objects unloaded after import = 7
========================================================================
Received Import Request.
  Time since last request: 0.000015 seconds.
  path: Assets/Sci-Fi Styled Modular Pack/Models/door_2_left.fbx
  artifactKey: Guid(bb389a09b6f70f94ea04bf09f602d763) Importer(2089858483,0ecaa5967403d082aa24f35e1b516d23)
Start importing Assets/Sci-Fi Styled Modular Pack/Models/door_2_left.fbx using Guid(bb389a09b6f70f94ea04bf09f602d763) Importer(2089858483,0ecaa5967403d082aa24f35e1b516d23) Generated GUIDs only implemented for interfaces!
 -> (artifact id: '572d651f2b1bd7d860300eba31828272') in 0.019175 seconds
Number of updated asset objects reloaded before import = 0
Number of asset objects unloaded after import = 9
========================================================================
Received Import Request.
  Time since last request: 1.648322 seconds.
  path: Assets/Sci-Fi Styled Modular Pack/Models/sing.fbx
  artifactKey: Guid(f9bde7d801e91fc4e806fa4827eb7ac2) Importer(2089858483,0ecaa5967403d082aa24f35e1b516d23)
Start importing Assets/Sci-Fi Styled Modular Pack/Models/sing.fbx using Guid(f9bde7d801e91fc4e806fa4827eb7ac2) Importer(2089858483,0ecaa5967403d082aa24f35e1b516d23) Generated GUIDs only implemented for interfaces!
 -> (artifact id: '4c8b01b3bc357851604c25bb35ff7d5f') in 0.022575 seconds
Number of updated asset objects reloaded before import = 0
Number of asset objects unloaded after import = 7
========================================================================
Received Import Request.
  Time since last request: 0.000016 seconds.
  path: Assets/Scripts/BackEnd/Login.cs
  artifactKey: Guid(01b5f5a3ccadcad4896b723745426fda) Importer(2089858483,0ecaa5967403d082aa24f35e1b516d23)
Start importing Assets/Scripts/BackEnd/Login.cs using Guid(01b5f5a3ccadcad4896b723745426fda) Importer(2089858483,0ecaa5967403d082aa24f35e1b516d23) Generated GUIDs only implemented for interfaces!
 -> (artifact id: '99485d51a407d78c75e3167e5c813886') in 0.005241 seconds
Number of updated asset objects reloaded before import = 0
Number of asset objects unloaded after import = 1
========================================================================
Received Import Request.
  Time since last request: 0.000028 seconds.
  path: Assets/Sci-Fi Styled Modular Pack/Textures/nature_leaves.png
  artifactKey: Guid(144d5c35043c7f04193d57dc3c38bbcb) Importer(2089858483,0ecaa5967403d082aa24f35e1b516d23)
Start importing Assets/Sci-Fi Styled Modular Pack/Textures/nature_leaves.png using Guid(144d5c35043c7f04193d57dc3c38bbcb) Importer(2089858483,0ecaa5967403d082aa24f35e1b516d23) Generated GUIDs only implemented for interfaces!
 -> (artifact id: '283c9469137bad90b64fec8f06bfbda0') in 0.025223 seconds
Number of updated asset objects reloaded before import = 0
Number of asset objects unloaded after import = 3
========================================================================
Received Import Request.
  Time since last request: 0.000014 seconds.
  path: Assets/Sci-Fi Styled Modular Pack/Textures/second-color.png
  artifactKey: Guid(35c79cc0b2e9d394faa8922409ffb64a) Importer(2089858483,0ecaa5967403d082aa24f35e1b516d23)
Start importing Assets/Sci-Fi Styled Modular Pack/Textures/second-color.png using Guid(35c79cc0b2e9d394faa8922409ffb64a) Importer(2089858483,0ecaa5967403d082aa24f35e1b516d23) Generated GUIDs only implemented for interfaces!
 -> (artifact id: '3e94a809359d13ce934514bfef7882a3') in 0.021603 seconds
Number of updated asset objects reloaded before import = 0
Number of asset objects unloaded after import = 3
========================================================================
Received Import Request.
  Time since last request: 0.000018 seconds.
  path: Assets/Sci-Fi Styled Modular Pack/Models/window_big_with_side_full.fbx
  artifactKey: Guid(7b44f19fc6bf9f44285a9282209eb7df) Importer(2089858483,0ecaa5967403d082aa24f35e1b516d23)
Start importing Assets/Sci-Fi Styled Modular Pack/Models/window_big_with_side_full.fbx using Guid(7b44f19fc6bf9f44285a9282209eb7df) Importer(2089858483,0ecaa5967403d082aa24f35e1b516d23) Generated GUIDs only implemented for interfaces!
 -> (artifact id: 'e80582b6dc69ed470d94a0412168b2bb') in 0.023021 seconds
Number of updated asset objects reloaded before import = 0
Number of asset objects unloaded after import = 7
========================================================================
Received Import Request.
  Time since last request: 0.000019 seconds.
  path: Assets/Sci-Fi Styled Modular Pack/Models/window_big_corner_far_LOD1.fbx
  artifactKey: Guid(ecc9e840bc1009245a8cc26d2cb855aa) Importer(2089858483,0ecaa5967403d082aa24f35e1b516d23)
Start importing Assets/Sci-Fi Styled Modular Pack/Models/window_big_corner_far_LOD1.fbx using Guid(ecc9e840bc1009245a8cc26d2cb855aa) Importer(2089858483,0ecaa5967403d082aa24f35e1b516d23) Generated GUIDs only implemented for interfaces!
 -> (artifact id: 'e75f364d368014a0502da01981543da4') in 0.019424 seconds
Number of updated asset objects reloaded before import = 0
Number of asset objects unloaded after import = 7
========================================================================
Received Import Request.
  Time since last request: 0.000029 seconds.
  path: Assets/Animations/fbxFeminine/dance/M_Dances_011.fbx
  artifactKey: Guid(7f7b12bef9fb25348aac3e40960afb4c) Importer(2089858483,0ecaa5967403d082aa24f35e1b516d23)
Start importing Assets/Animations/fbxFeminine/dance/M_Dances_011.fbx using Guid(7f7b12bef9fb25348aac3e40960afb4c) Importer(2089858483,0ecaa5967403d082aa24f35e1b516d23) Generated GUIDs only implemented for interfaces!
 -> (artifact id: '9ee5a71cb20e9130992cc16797025c23') in 0.024627 seconds
Number of updated asset objects reloaded before import = 0
Number of asset objects unloaded after import = 139
========================================================================
Received Import Request.
  Time since last request: 0.000024 seconds.
  path: Assets/Animations/fbxFeminine/expression/F_Talking_Variations_004.fbx
  artifactKey: Guid(c9177b74037b5604499d65460b2d1998) Importer(2089858483,0ecaa5967403d082aa24f35e1b516d23)
Start importing Assets/Animations/fbxFeminine/expression/F_Talking_Variations_004.fbx using Guid(c9177b74037b5604499d65460b2d1998) Importer(2089858483,0ecaa5967403d082aa24f35e1b516d23) Generated GUIDs only implemented for interfaces!
 -> (artifact id: '2d954d9e03f207ddfd62ea85a80c23ff') in 0.026191 seconds
Number of updated asset objects reloaded before import = 0
Number of asset objects unloaded after import = 139
========================================================================
Received Import Request.
  Time since last request: 0.000024 seconds.
  path: Assets/Sci-Fi Styled Modular Pack/Models/window_big_with_side_offset_LOD0.fbx
  artifactKey: Guid(92173177b83f4ae4194c757b33b5d46b) Importer(2089858483,0ecaa5967403d082aa24f35e1b516d23)
Start importing Assets/Sci-Fi Styled Modular Pack/Models/window_big_with_side_offset_LOD0.fbx using Guid(92173177b83f4ae4194c757b33b5d46b) Importer(2089858483,0ecaa5967403d082aa24f35e1b516d23) Generated GUIDs only implemented for interfaces!
 -> (artifact id: '650c3d952b0fed11d7078923366ddafc') in 0.017619 seconds
Number of updated asset objects reloaded before import = 0
Number of asset objects unloaded after import = 7
========================================================================
Received Import Request.
  Time since last request: 0.000014 seconds.
  path: Assets/Animations/fbxFeminine/expression/M_Standing_Expressions_010.fbx
  artifactKey: Guid(364b494badfac224ebbf10e77d2eef47) Importer(2089858483,0ecaa5967403d082aa24f35e1b516d23)
Start importing Assets/Animations/fbxFeminine/expression/M_Standing_Expressions_010.fbx using Guid(364b494badfac224ebbf10e77d2eef47) Importer(2089858483,0ecaa5967403d082aa24f35e1b516d23) Generated GUIDs only implemented for interfaces!
 -> (artifact id: 'f3f1b931dfa072c749a7a8eb5920602f') in 0.021899 seconds
Number of updated asset objects reloaded before import = 0
Number of asset objects unloaded after import = 139
========================================================================
Received Import Request.
  Time since last request: 0.000030 seconds.
  path: Assets/Animations/fbxFeminine/dance/F_Dances_007.fbx
  artifactKey: Guid(7e7c374944a285b48a6c2a59d76bb615) Importer(2089858483,0ecaa5967403d082aa24f35e1b516d23)
Start importing Assets/Animations/fbxFeminine/dance/F_Dances_007.fbx using Guid(7e7c374944a285b48a6c2a59d76bb615) Importer(2089858483,0ecaa5967403d082aa24f35e1b516d23) Generated GUIDs only implemented for interfaces!
 -> (artifact id: 'ca2ae99140123bd2bb826c8a8521e8e8') in 0.025046 seconds
Number of updated asset objects reloaded before import = 0
Number of asset objects unloaded after import = 139
========================================================================
Received Import Request.
  Time since last request: 0.000019 seconds.
  path: Assets/Animations/fbxFeminine/expression/M_Standing_Expressions_009.fbx
  artifactKey: Guid(667757efd11968b4e85ea11bba465036) Importer(2089858483,0ecaa5967403d082aa24f35e1b516d23)
Start importing Assets/Animations/fbxFeminine/expression/M_Standing_Expressions_009.fbx using Guid(667757efd11968b4e85ea11bba465036) Importer(2089858483,0ecaa5967403d082aa24f35e1b516d23) Generated GUIDs only implemented for interfaces!
 -> (artifact id: '0ea9373d9197cebd477a251d61b5e34c') in 0.018970 seconds
Number of updated asset objects reloaded before import = 0
Number of asset objects unloaded after import = 139
========================================================================
Received Import Request.
  Time since last request: 0.000023 seconds.
  path: Assets/Sci-Fi Styled Modular Pack/Textures/dark-color.png
  artifactKey: Guid(d65ae29772ec4ab4b949103da54086be) Importer(2089858483,0ecaa5967403d082aa24f35e1b516d23)
Start importing Assets/Sci-Fi Styled Modular Pack/Textures/dark-color.png using Guid(d65ae29772ec4ab4b949103da54086be) Importer(2089858483,0ecaa5967403d082aa24f35e1b516d23) Generated GUIDs only implemented for interfaces!
 -> (artifact id: 'e0291183f6eef43c18f51a8bcbbff1a6') in 0.020165 seconds
Number of updated asset objects reloaded before import = 0
Number of asset objects unloaded after import = 3
========================================================================
Received Import Request.
  Time since last request: 0.000022 seconds.
  path: Assets/Animations/fbxFeminine/expression/F_Talking_Variations_006.fbx
  artifactKey: Guid(fed8dd51c927aa84984063f266d66ac0) Importer(2089858483,0ecaa5967403d082aa24f35e1b516d23)
Start importing Assets/Animations/fbxFeminine/expression/F_Talking_Variations_006.fbx using Guid(fed8dd51c927aa84984063f266d66ac0) Importer(2089858483,0ecaa5967403d082aa24f35e1b516d23) Generated GUIDs only implemented for interfaces!
 -> (artifact id: '39e863bfbee15f923ca7b2de4a28c12b') in 0.028315 seconds
Number of updated asset objects reloaded before import = 0
Number of asset objects unloaded after import = 139
========================================================================
Received Import Request.
  Time since last request: 0.000017 seconds.
  path: Assets/TextMesh Pro/Shaders/TMP_Bitmap-Custom-Atlas.shader
  artifactKey: Guid(48bb5f55d8670e349b6e614913f9d910) Importer(2089858483,0ecaa5967403d082aa24f35e1b516d23)
Start importing Assets/TextMesh Pro/Shaders/TMP_Bitmap-Custom-Atlas.shader using Guid(48bb5f55d8670e349b6e614913f9d910) Importer(2089858483,0ecaa5967403d082aa24f35e1b516d23) Generated GUIDs only implemented for interfaces!
 -> (artifact id: '90b13d0353c0cef66fcc075ea449d735') in 0.009701 seconds
Number of updated asset objects reloaded before import = 0
Number of asset objects unloaded after import = 1
========================================================================
Received Import Request.
  Time since last request: 0.000068 seconds.
  path: Assets/Sci-Fi Styled Modular Pack/Models/wall_big_no_side_full_LOD0.fbx
  artifactKey: Guid(10c805e783fd2d64f84bdbb6fae5d25f) Importer(2089858483,0ecaa5967403d082aa24f35e1b516d23)
Start importing Assets/Sci-Fi Styled Modular Pack/Models/wall_big_no_side_full_LOD0.fbx using Guid(10c805e783fd2d64f84bdbb6fae5d25f) Importer(2089858483,0ecaa5967403d082aa24f35e1b516d23) Generated GUIDs only implemented for interfaces!
 -> (artifact id: '5250a532cf7c84c60be864a6e418d53f') in 0.017345 seconds
Number of updated asset objects reloaded before import = 0
Number of asset objects unloaded after import = 7
========================================================================
Received Import Request.
  Time since last request: 0.000023 seconds.
  path: Assets/Animations/fbxFeminine/dance/F_Dances_005.fbx
  artifactKey: Guid(f163e0bf0144131498766a8d62f41685) Importer(2089858483,0ecaa5967403d082aa24f35e1b516d23)
Start importing Assets/Animations/fbxFeminine/dance/F_Dances_005.fbx using Guid(f163e0bf0144131498766a8d62f41685) Importer(2089858483,0ecaa5967403d082aa24f35e1b516d23) Generated GUIDs only implemented for interfaces!
 -> (artifact id: '4e861597b507c1dec21466e38c48d60f') in 0.025419 seconds
Number of updated asset objects reloaded before import = 0
Number of asset objects unloaded after import = 139
========================================================================
Received Import Request.
  Time since last request: 0.000024 seconds.
  path: Assets/Sci-Fi Styled Modular Pack/Models/wall_small_no_side_full_LOD0.fbx
  artifactKey: Guid(49147130b2b7fa449bbe4566bde06e1d) Importer(2089858483,0ecaa5967403d082aa24f35e1b516d23)
Start importing Assets/Sci-Fi Styled Modular Pack/Models/wall_small_no_side_full_LOD0.fbx using Guid(49147130b2b7fa449bbe4566bde06e1d) Importer(2089858483,0ecaa5967403d082aa24f35e1b516d23) Generated GUIDs only implemented for interfaces!
 -> (artifact id: '4eb3f43d0cb7ba9961b2294bfb319ad9') in 0.019196 seconds
Number of updated asset objects reloaded before import = 0
Number of asset objects unloaded after import = 7
========================================================================
Received Import Request.
  Time since last request: 0.000015 seconds.
  path: Assets/Animations/fbxFeminine/dance/M_Dances_006.fbx
  artifactKey: Guid(1dae5761673e57c428ccdb3770f0366b) Importer(2089858483,0ecaa5967403d082aa24f35e1b516d23)
Start importing Assets/Animations/fbxFeminine/dance/M_Dances_006.fbx using Guid(1dae5761673e57c428ccdb3770f0366b) Importer(2089858483,0ecaa5967403d082aa24f35e1b516d23) Generated GUIDs only implemented for interfaces!
 -> (artifact id: '7192928ac57a9ff527872d0a90307e0b') in 0.020624 seconds
Number of updated asset objects reloaded before import = 0
Number of asset objects unloaded after import = 139
========================================================================
Received Import Request.
  Time since last request: 0.000018 seconds.
  path: Assets/Animations/fbxFeminine/dance/F_Dances_001.fbx
  artifactKey: Guid(a03cb2217be3df340bffff00781b6c85) Importer(2089858483,0ecaa5967403d082aa24f35e1b516d23)
Start importing Assets/Animations/fbxFeminine/dance/F_Dances_001.fbx using Guid(a03cb2217be3df340bffff00781b6c85) Importer(2089858483,0ecaa5967403d082aa24f35e1b516d23) Generated GUIDs only implemented for interfaces!
 -> (artifact id: '8b3b4a3ba4b98431d74bbed01c100772') in 0.023121 seconds
Number of updated asset objects reloaded before import = 0
Number of asset objects unloaded after import = 139
========================================================================
Received Import Request.
  Time since last request: 0.000019 seconds.
  path: Assets/Animations/fbxFeminine/dance/F_Dances_006.fbx
  artifactKey: Guid(df1f8fd989daf7244849bcfcca1a910b) Importer(2089858483,0ecaa5967403d082aa24f35e1b516d23)
Start importing Assets/Animations/fbxFeminine/dance/F_Dances_006.fbx using Guid(df1f8fd989daf7244849bcfcca1a910b) Importer(2089858483,0ecaa5967403d082aa24f35e1b516d23) Generated GUIDs only implemented for interfaces!
 -> (artifact id: '1107488f94835f6b55d5431bde002ef7') in 0.020553 seconds
Number of updated asset objects reloaded before import = 0
Number of asset objects unloaded after import = 139
========================================================================
Received Import Request.
  Time since last request: 0.000019 seconds.
  path: Assets/Sci-Fi Styled Modular Pack/Models/window_big_no_side_LOD0.fbx
  artifactKey: Guid(862c6dc08cc4469469af563072669281) Importer(2089858483,0ecaa5967403d082aa24f35e1b516d23)
Start importing Assets/Sci-Fi Styled Modular Pack/Models/window_big_no_side_LOD0.fbx using Guid(862c6dc08cc4469469af563072669281) Importer(2089858483,0ecaa5967403d082aa24f35e1b516d23) Generated GUIDs only implemented for interfaces!
 -> (artifact id: '6c81c2ee52cc3dfa0f73fedb9363a4d5') in 0.015944 seconds
Number of updated asset objects reloaded before import = 0
Number of asset objects unloaded after import = 7
========================================================================
Received Import Request.
  Time since last request: 0.000016 seconds.
  path: Assets/Sci-Fi Styled Modular Pack/Models/stairs_small_with_emmision.fbx
  artifactKey: Guid(33adaeab20ce0114cb29d69b5324f02d) Importer(2089858483,0ecaa5967403d082aa24f35e1b516d23)
Start importing Assets/Sci-Fi Styled Modular Pack/Models/stairs_small_with_emmision.fbx using Guid(33adaeab20ce0114cb29d69b5324f02d) Importer(2089858483,0ecaa5967403d082aa24f35e1b516d23) Generated GUIDs only implemented for interfaces!
 -> (artifact id: '1b45467799313146379314359d142e5e') in 0.022053 seconds
Number of updated asset objects reloaded before import = 0
Number of asset objects unloaded after import = 7
========================================================================
Received Import Request.
  Time since last request: 0.000024 seconds.
  path: Assets/Sci-Fi Styled Modular Pack/Textures/green-color.png
  artifactKey: Guid(ba91a1c5cb9dd2a4d96a74f4a569b02b) Importer(2089858483,0ecaa5967403d082aa24f35e1b516d23)
Start importing Assets/Sci-Fi Styled Modular Pack/Textures/green-color.png using Guid(ba91a1c5cb9dd2a4d96a74f4a569b02b) Importer(2089858483,0ecaa5967403d082aa24f35e1b516d23) Generated GUIDs only implemented for interfaces!
 -> (artifact id: '2800a26afec56fa0fd95dd123face2a4') in 0.022465 seconds
Number of updated asset objects reloaded before import = 0
Number of asset objects unloaded after import = 1
========================================================================
Received Import Request.
  Time since last request: 0.000036 seconds.
  path: Assets/Sci-Fi Styled Modular Pack/Models/window_big_with_side_full_offset_LOD0.fbx
  artifactKey: Guid(dec2715a465c13a4fb11430962ea610f) Importer(2089858483,0ecaa5967403d082aa24f35e1b516d23)
Start importing Assets/Sci-Fi Styled Modular Pack/Models/window_big_with_side_full_offset_LOD0.fbx using Guid(dec2715a465c13a4fb11430962ea610f) Importer(2089858483,0ecaa5967403d082aa24f35e1b516d23) Generated GUIDs only implemented for interfaces!
 -> (artifact id: 'e869b977f235a9b6109b22279e7e16de') in 0.018506 seconds
Number of updated asset objects reloaded before import = 0
Number of asset objects unloaded after import = 7
========================================================================
Received Import Request.
  Time since last request: 0.000015 seconds.
  path: Assets/Animations/fbxFeminine/expression/F_Talking_Variations_002.fbx
  artifactKey: Guid(0e4d32e2fbe27c84c9858b2e05d601f6) Importer(2089858483,0ecaa5967403d082aa24f35e1b516d23)
Start importing Assets/Animations/fbxFeminine/expression/F_Talking_Variations_002.fbx using Guid(0e4d32e2fbe27c84c9858b2e05d601f6) Importer(2089858483,0ecaa5967403d082aa24f35e1b516d23) Generated GUIDs only implemented for interfaces!
 -> (artifact id: 'd48189514e5da3f0f41f8c2ae9653d50') in 0.023261 seconds
Number of updated asset objects reloaded before import = 0
Number of asset objects unloaded after import = 139
========================================================================
Received Import Request.
  Time since last request: 0.000091 seconds.
  path: Assets/Sci-Fi Styled Modular Pack/Models/storage_container_small.fbx
  artifactKey: Guid(d6354010388f6a94281a09f8fe9c6790) Importer(2089858483,0ecaa5967403d082aa24f35e1b516d23)
Start importing Assets/Sci-Fi Styled Modular Pack/Models/storage_container_small.fbx using Guid(d6354010388f6a94281a09f8fe9c6790) Importer(2089858483,0ecaa5967403d082aa24f35e1b516d23) Generated GUIDs only implemented for interfaces!
 -> (artifact id: '453bc5c72b46d96530d936667a56f0b7') in 0.015216 seconds
Number of updated asset objects reloaded before import = 0
Number of asset objects unloaded after import = 7
========================================================================
Received Import Request.
  Time since last request: 0.000013 seconds.
  path: Assets/Animations/fbxFeminine/expression/M_Standing_Expressions_007.fbx
  artifactKey: Guid(9531c7fec0b235945bc537290acb6d04) Importer(2089858483,0ecaa5967403d082aa24f35e1b516d23)
Start importing Assets/Animations/fbxFeminine/expression/M_Standing_Expressions_007.fbx using Guid(9531c7fec0b235945bc537290acb6d04) Importer(2089858483,0ecaa5967403d082aa24f35e1b516d23) Generated GUIDs only implemented for interfaces!
 -> (artifact id: '4f048d4b5770bd93f4a4705c15d3057d') in 0.021475 seconds
Number of updated asset objects reloaded before import = 0
Number of asset objects unloaded after import = 139
========================================================================
Received Import Request.
  Time since last request: 0.000016 seconds.
  path: Assets/Sci-Fi Styled Modular Pack/Models/stairs_small_no_emmision.fbx
  artifactKey: Guid(38b52066b4ac23b48bc1af6d369ddcd2) Importer(2089858483,0ecaa5967403d082aa24f35e1b516d23)
Start importing Assets/Sci-Fi Styled Modular Pack/Models/stairs_small_no_emmision.fbx using Guid(38b52066b4ac23b48bc1af6d369ddcd2) Importer(2089858483,0ecaa5967403d082aa24f35e1b516d23) Generated GUIDs only implemented for interfaces!
 -> (artifact id: '0c35806c4a9750b39593411787719e7f') in 0.019126 seconds
Number of updated asset objects reloaded before import = 0
Number of asset objects unloaded after import = 7
========================================================================
Received Import Request.
  Time since last request: 0.000020 seconds.
  path: Assets/Sci-Fi Styled Modular Pack/Models/torpedo.fbx
  artifactKey: Guid(dd04980a43cc8ed45a5f9ff0f231bdee) Importer(2089858483,0ecaa5967403d082aa24f35e1b516d23)
Start importing Assets/Sci-Fi Styled Modular Pack/Models/torpedo.fbx using Guid(dd04980a43cc8ed45a5f9ff0f231bdee) Importer(2089858483,0ecaa5967403d082aa24f35e1b516d23) Generated GUIDs only implemented for interfaces!
 -> (artifact id: '81428df66726a4cba72382356792e090') in 0.016578 seconds
Number of updated asset objects reloaded before import = 0
Number of asset objects unloaded after import = 7
========================================================================
Received Import Request.
  Time since last request: 0.000023 seconds.
  path: Assets/Sci-Fi Styled Modular Pack/Models/stairs_big.fbx
  artifactKey: Guid(1330a94ad5ebc0a4295b698b250f8ce9) Importer(2089858483,0ecaa5967403d082aa24f35e1b516d23)
Start importing Assets/Sci-Fi Styled Modular Pack/Models/stairs_big.fbx using Guid(1330a94ad5ebc0a4295b698b250f8ce9) Importer(2089858483,0ecaa5967403d082aa24f35e1b516d23) Generated GUIDs only implemented for interfaces!
 -> (artifact id: 'c0a49cb202f3f9ea4dc5b3b001210201') in 0.024403 seconds
Number of updated asset objects reloaded before import = 0
Number of asset objects unloaded after import = 7
========================================================================
Received Import Request.
  Time since last request: 0.000017 seconds.
  path: Assets/Sci-Fi Styled Modular Pack/Models/window_big_with_side_offset.fbx
  artifactKey: Guid(3275015972f1ebd4ba5e1fc0b74fa66d) Importer(2089858483,0ecaa5967403d082aa24f35e1b516d23)
Start importing Assets/Sci-Fi Styled Modular Pack/Models/window_big_with_side_offset.fbx using Guid(3275015972f1ebd4ba5e1fc0b74fa66d) Importer(2089858483,0ecaa5967403d082aa24f35e1b516d23) Generated GUIDs only implemented for interfaces!
 -> (artifact id: '838d8f151c3bf8c5ecfb3de2610fdeff') in 0.020793 seconds
Number of updated asset objects reloaded before import = 0
Number of asset objects unloaded after import = 7
========================================================================
Received Import Request.
  Time since last request: 0.000028 seconds.
  path: Assets/Sci-Fi Styled Modular Pack/Textures/lattice.png
  artifactKey: Guid(26d4d63e94c354a478b2fe05bb112302) Importer(2089858483,0ecaa5967403d082aa24f35e1b516d23)
Start importing Assets/Sci-Fi Styled Modular Pack/Textures/lattice.png using Guid(26d4d63e94c354a478b2fe05bb112302) Importer(2089858483,0ecaa5967403d082aa24f35e1b516d23) Generated GUIDs only implemented for interfaces!
 -> (artifact id: '956a1fb551e58e0dbbf1a783dc0227be') in 0.023511 seconds
Number of updated asset objects reloaded before import = 0
Number of asset objects unloaded after import = 1
========================================================================
Received Import Request.
  Time since last request: 0.000044 seconds.
  path: Assets/Scripts/BackEnd/Main.cs
  artifactKey: Guid(1c92316b4baf1da4e8f8fc3812eedc37) Importer(2089858483,0ecaa5967403d082aa24f35e1b516d23)
Start importing Assets/Scripts/BackEnd/Main.cs using Guid(1c92316b4baf1da4e8f8fc3812eedc37) Importer(2089858483,0ecaa5967403d082aa24f35e1b516d23) Generated GUIDs only implemented for interfaces!
 -> (artifact id: '97e9344157982de41899b9ada41d48df') in 0.004797 seconds
Number of updated asset objects reloaded before import = 0
Number of asset objects unloaded after import = 1
========================================================================
Received Import Request.
  Time since last request: 0.000029 seconds.
  path: Assets/TextMesh Pro/Sprites/EmojiOne Attribution.txt
  artifactKey: Guid(381dcb09d5029d14897e55f98031fca5) Importer(2089858483,0ecaa5967403d082aa24f35e1b516d23)
Start importing Assets/TextMesh Pro/Sprites/EmojiOne Attribution.txt using Guid(381dcb09d5029d14897e55f98031fca5) Importer(2089858483,0ecaa5967403d082aa24f35e1b516d23) Generated GUIDs only implemented for interfaces!
 -> (artifact id: 'e58c9ac2030c02490846a447c6fe888b') in 0.004150 seconds
Number of updated asset objects reloaded before import = 0
Number of asset objects unloaded after import = 1
========================================================================
Received Import Request.
  Time since last request: 0.000021 seconds.
  path: Assets/Sci-Fi Styled Modular Pack/Models/window_big_corner_plug.fbx
  artifactKey: Guid(caed8062ac253ed45a27eed6a65cac17) Importer(2089858483,0ecaa5967403d082aa24f35e1b516d23)
Start importing Assets/Sci-Fi Styled Modular Pack/Models/window_big_corner_plug.fbx using Guid(caed8062ac253ed45a27eed6a65cac17) Importer(2089858483,0ecaa5967403d082aa24f35e1b516d23) Generated GUIDs only implemented for interfaces!
 -> (artifact id: 'a246672e0b45ba5b40fa2bbe327d1e41') in 0.017703 seconds
Number of updated asset objects reloaded before import = 0
Number of asset objects unloaded after import = 7
========================================================================
Received Import Request.
  Time since last request: 0.000015 seconds.
  path: Assets/Sci-Fi Styled Modular Pack/Textures/bush.png
  artifactKey: Guid(e183aa09c01ee5b49b32b70535924240) Importer(2089858483,0ecaa5967403d082aa24f35e1b516d23)
Start importing Assets/Sci-Fi Styled Modular Pack/Textures/bush.png using Guid(e183aa09c01ee5b49b32b70535924240) Importer(2089858483,0ecaa5967403d082aa24f35e1b516d23) Generated GUIDs only implemented for interfaces!
 -> (artifact id: 'af202965ec748dfa442520fe37e2e928') in 0.025607 seconds
Number of updated asset objects reloaded before import = 0
Number of asset objects unloaded after import = 1
========================================================================
Received Import Request.
  Time since last request: 0.000014 seconds.
  path: Assets/TextMesh Pro/Fonts/LiberationSans.ttf
  artifactKey: Guid(e3265ab4bf004d28a9537516768c1c75) Importer(2089858483,0ecaa5967403d082aa24f35e1b516d23)
Start importing Assets/TextMesh Pro/Fonts/LiberationSans.ttf using Guid(e3265ab4bf004d28a9537516768c1c75) Importer(2089858483,0ecaa5967403d082aa24f35e1b516d23) Generated GUIDs only implemented for interfaces!
 -> (artifact id: '63e7994afb18918bde550e215e90fede') in 0.015176 seconds
Number of updated asset objects reloaded before import = 0
Number of asset objects unloaded after import = 3
========================================================================
Received Import Request.
  Time since last request: 0.000019 seconds.
  path: Assets/Sci-Fi Styled Modular Pack/Models/window_big_blocker.fbx
  artifactKey: Guid(f1f8b886020c45442804bfb2a3995b9e) Importer(2089858483,0ecaa5967403d082aa24f35e1b516d23)
Start importing Assets/Sci-Fi Styled Modular Pack/Models/window_big_blocker.fbx using Guid(f1f8b886020c45442804bfb2a3995b9e) Importer(2089858483,0ecaa5967403d082aa24f35e1b516d23) Generated GUIDs only implemented for interfaces!
 -> (artifact id: '28a909b33a9173810eb6eafe0598047c') in 0.018696 seconds
Number of updated asset objects reloaded before import = 0
Number of asset objects unloaded after import = 7
========================================================================
Received Import Request.
  Time since last request: 0.000044 seconds.
  path: Assets/TextMesh Pro/Shaders/TMP_SDF Overlay.shader
  artifactKey: Guid(dd89cf5b9246416f84610a006f916af7) Importer(2089858483,0ecaa5967403d082aa24f35e1b516d23)
Start importing Assets/TextMesh Pro/Shaders/TMP_SDF Overlay.shader using Guid(dd89cf5b9246416f84610a006f916af7) Importer(2089858483,0ecaa5967403d082aa24f35e1b516d23) Generated GUIDs only implemented for interfaces!
 -> (artifact id: '29c8aee4e6f63f69ae23d1680670b833') in 0.010453 seconds
Number of updated asset objects reloaded before import = 0
Number of asset objects unloaded after import = 1
========================================================================
Received Import Request.
  Time since last request: 0.000034 seconds.
  path: Assets/Sci-Fi Styled Modular Pack/Models/window_big_blocker_3.fbx
  artifactKey: Guid(79a7cafaae76eae45b2823cb5d3a37b7) Importer(2089858483,0ecaa5967403d082aa24f35e1b516d23)
Start importing Assets/Sci-Fi Styled Modular Pack/Models/window_big_blocker_3.fbx using Guid(79a7cafaae76eae45b2823cb5d3a37b7) Importer(2089858483,0ecaa5967403d082aa24f35e1b516d23) Generated GUIDs only implemented for interfaces!
 -> (artifact id: '65b19d471adacbd52e343f019e99dd67') in 0.020109 seconds
Number of updated asset objects reloaded before import = 0
Number of asset objects unloaded after import = 7
========================================================================
Received Import Request.
  Time since last request: 0.000015 seconds.
  path: Assets/TextMesh Pro/Shaders/TMP_SDF-Mobile.shader
  artifactKey: Guid(fe393ace9b354375a9cb14cdbbc28be4) Importer(2089858483,0ecaa5967403d082aa24f35e1b516d23)
Start importing Assets/TextMesh Pro/Shaders/TMP_SDF-Mobile.shader using Guid(fe393ace9b354375a9cb14cdbbc28be4) Importer(2089858483,0ecaa5967403d082aa24f35e1b516d23) Generated GUIDs only implemented for interfaces!
 -> (artifact id: 'f3288c1c6c2bb257f3dad438fa663ff7') in 0.010089 seconds
Number of updated asset objects reloaded before import = 0
Number of asset objects unloaded after import = 1
========================================================================
Received Import Request.
  Time since last request: 0.000026 seconds.
  path: Assets/Sci-Fi Styled Modular Pack/Models/table_2.fbx
  artifactKey: Guid(05e2bef7f8188c943aea2993fc97504b) Importer(2089858483,0ecaa5967403d082aa24f35e1b516d23)
Start importing Assets/Sci-Fi Styled Modular Pack/Models/table_2.fbx using Guid(05e2bef7f8188c943aea2993fc97504b) Importer(2089858483,0ecaa5967403d082aa24f35e1b516d23) Generated GUIDs only implemented for interfaces!
 -> (artifact id: 'b0366561b2c7a38c233371e9ccfc0bc1') in 0.020770 seconds
Number of updated asset objects reloaded before import = 0
Number of asset objects unloaded after import = 7
========================================================================
Received Import Request.
  Time since last request: 0.000020 seconds.
  path: Assets/Animations/fbxFeminine/expression/M_Standing_Expressions_016.fbx
  artifactKey: Guid(6e84d0e1d8df80048bd44aab070e94ba) Importer(2089858483,0ecaa5967403d082aa24f35e1b516d23)
Start importing Assets/Animations/fbxFeminine/expression/M_Standing_Expressions_016.fbx using Guid(6e84d0e1d8df80048bd44aab070e94ba) Importer(2089858483,0ecaa5967403d082aa24f35e1b516d23) Generated GUIDs only implemented for interfaces!
 -> (artifact id: 'b0d4f20a0ac05097501a9c677fc61492') in 0.023763 seconds
Number of updated asset objects reloaded before import = 0
Number of asset objects unloaded after import = 139
========================================================================
Received Import Request.
  Time since last request: 0.000021 seconds.
  path: Assets/Sci-Fi Styled Modular Pack/Textures/base-color.png
  artifactKey: Guid(dfcd4dcb2145c6d4f9da3e7654d22d9e) Importer(2089858483,0ecaa5967403d082aa24f35e1b516d23)
Start importing Assets/Sci-Fi Styled Modular Pack/Textures/base-color.png using Guid(dfcd4dcb2145c6d4f9da3e7654d22d9e) Importer(2089858483,0ecaa5967403d082aa24f35e1b516d23) Generated GUIDs only implemented for interfaces!
 -> (artifact id: '7d04ddaaa9612159cec97e442b27966c') in 0.024792 seconds
Number of updated asset objects reloaded before import = 0
Number of asset objects unloaded after import = 1
========================================================================
Received Import Request.
  Time since last request: 0.000017 seconds.
  path: Assets/Animations/fbxFeminine/dance/M_Dances_003.fbx
  artifactKey: Guid(e90203e195ddceb4cbb99711ddd61536) Importer(2089858483,0ecaa5967403d082aa24f35e1b516d23)
Start importing Assets/Animations/fbxFeminine/dance/M_Dances_003.fbx using Guid(e90203e195ddceb4cbb99711ddd61536) Importer(2089858483,0ecaa5967403d082aa24f35e1b516d23) Generated GUIDs only implemented for interfaces!
 -> (artifact id: '46131bb3a13d6069f41623390b9d0122') in 0.023378 seconds
Number of updated asset objects reloaded before import = 0
Number of asset objects unloaded after import = 139
========================================================================
Received Import Request.
  Time since last request: 0.000035 seconds.
  path: Assets/Sci-Fi Styled Modular Pack/Models/window_big_with_side_LOD1.fbx
  artifactKey: Guid(7dbc85eb39ce2b940b22b0063918e3ac) Importer(2089858483,0ecaa5967403d082aa24f35e1b516d23)
Start importing Assets/Sci-Fi Styled Modular Pack/Models/window_big_with_side_LOD1.fbx using Guid(7dbc85eb39ce2b940b22b0063918e3ac) Importer(2089858483,0ecaa5967403d082aa24f35e1b516d23) Generated GUIDs only implemented for interfaces!
 -> (artifact id: '2890af177b9a2130ee71a343fa6c254f') in 0.016516 seconds
Number of updated asset objects reloaded before import = 0
Number of asset objects unloaded after import = 7
========================================================================
Received Import Request.
  Time since last request: 0.000017 seconds.
  path: Assets/Sci-Fi Styled Modular Pack/Textures/window_big.png
  artifactKey: Guid(52f89a41c5c9f1b4280ba2133f0bf7b0) Importer(2089858483,0ecaa5967403d082aa24f35e1b516d23)
Start importing Assets/Sci-Fi Styled Modular Pack/Textures/window_big.png using Guid(52f89a41c5c9f1b4280ba2133f0bf7b0) Importer(2089858483,0ecaa5967403d082aa24f35e1b516d23) Generated GUIDs only implemented for interfaces!
 -> (artifact id: 'cc8cf6eb88a1ca6dcc9f24567cc588e0') in 0.022045 seconds
Number of updated asset objects reloaded before import = 0
Number of asset objects unloaded after import = 3
========================================================================
Received Import Request.
  Time since last request: 0.000019 seconds.
  path: Assets/Sci-Fi Styled Modular Pack/Models/stairs_small_corner_no_emmision.fbx
  artifactKey: Guid(794f1b589d175fa4ca1ee555f5766635) Importer(2089858483,0ecaa5967403d082aa24f35e1b516d23)
Start importing Assets/Sci-Fi Styled Modular Pack/Models/stairs_small_corner_no_emmision.fbx using Guid(794f1b589d175fa4ca1ee555f5766635) Importer(2089858483,0ecaa5967403d082aa24f35e1b516d23) Generated GUIDs only implemented for interfaces!
 -> (artifact id: '883b95db056310e2fb690415a805a038') in 0.017716 seconds
Number of updated asset objects reloaded before import = 0
Number of asset objects unloaded after import = 7
========================================================================
Received Import Request.
  Time since last request: 0.000023 seconds.
  path: Assets/Sci-Fi Styled Modular Pack/Textures/blue-color.png
  artifactKey: Guid(a698da84decbb5f43881903177570fe2) Importer(2089858483,0ecaa5967403d082aa24f35e1b516d23)
Start importing Assets/Sci-Fi Styled Modular Pack/Textures/blue-color.png using Guid(a698da84decbb5f43881903177570fe2) Importer(2089858483,0ecaa5967403d082aa24f35e1b516d23) Generated GUIDs only implemented for interfaces!
 -> (artifact id: '641bf2354d3ca810876f72bb8d20bca4') in 0.015909 seconds
Number of updated asset objects reloaded before import = 0
Number of asset objects unloaded after import = 1
========================================================================
Received Import Request.
  Time since last request: 0.000031 seconds.
  path: Assets/Sci-Fi Styled Modular Pack/Models/Sphere_16_extended.fbx
  artifactKey: Guid(5dba31047b3c3764bb959e4b00c99740) Importer(2089858483,0ecaa5967403d082aa24f35e1b516d23)
Start importing Assets/Sci-Fi Styled Modular Pack/Models/Sphere_16_extended.fbx using Guid(5dba31047b3c3764bb959e4b00c99740) Importer(2089858483,0ecaa5967403d082aa24f35e1b516d23) Generated GUIDs only implemented for interfaces!
 -> (artifact id: '5c5cc7cf5a4ea91be122a71c2c8820eb') in 0.015184 seconds
Number of updated asset objects reloaded before import = 0
Number of asset objects unloaded after import = 7
========================================================================
Received Import Request.
  Time since last request: 0.000014 seconds.
  path: Assets/Sci-Fi Styled Modular Pack/Textures/lattice-emision-mask.png
  artifactKey: Guid(a2439a5526984d64c804eae4d1d65b8a) Importer(2089858483,0ecaa5967403d082aa24f35e1b516d23)
Start importing Assets/Sci-Fi Styled Modular Pack/Textures/lattice-emision-mask.png using Guid(a2439a5526984d64c804eae4d1d65b8a) Importer(2089858483,0ecaa5967403d082aa24f35e1b516d23) Generated GUIDs only implemented for interfaces!
 -> (artifact id: '14e9285b325734bf8d16c3d3c38ed08d') in 0.016777 seconds
Number of updated asset objects reloaded before import = 0
Number of asset objects unloaded after import = 1
========================================================================
Received Import Request.
  Time since last request: 0.000015 seconds.
  path: Assets/Sci-Fi Styled Modular Pack/Models/window_big_no_side.fbx
  artifactKey: Guid(fb216cfa51ba6e34c91a5a29b50e2ab2) Importer(2089858483,0ecaa5967403d082aa24f35e1b516d23)
Start importing Assets/Sci-Fi Styled Modular Pack/Models/window_big_no_side.fbx using Guid(fb216cfa51ba6e34c91a5a29b50e2ab2) Importer(2089858483,0ecaa5967403d082aa24f35e1b516d23) Generated GUIDs only implemented for interfaces!
 -> (artifact id: 'c9ec1561526066a16676b484d399787f') in 0.015000 seconds
Number of updated asset objects reloaded before import = 0
Number of asset objects unloaded after import = 7
========================================================================
Received Import Request.
  Time since last request: 0.000024 seconds.
  path: Assets/Sci-Fi Styled Modular Pack/Textures/window_big_transparent_mask.png
  artifactKey: Guid(c4d2256bf54ca0948bc30a5cc74fb153) Importer(2089858483,0ecaa5967403d082aa24f35e1b516d23)
Start importing Assets/Sci-Fi Styled Modular Pack/Textures/window_big_transparent_mask.png using Guid(c4d2256bf54ca0948bc30a5cc74fb153) Importer(2089858483,0ecaa5967403d082aa24f35e1b516d23) Generated GUIDs only implemented for interfaces!
 -> (artifact id: '6567b3676401e0c102c40dd2ff00b71a') in 0.018822 seconds
Number of updated asset objects reloaded before import = 0
Number of asset objects unloaded after import = 3
========================================================================
Received Import Request.
  Time since last request: 0.000035 seconds.
  path: Assets/Sci-Fi Styled Modular Pack/Models/window_big_corner_LOD0.fbx
  artifactKey: Guid(4c86d27bffd46554aae1d655796dff65) Importer(2089858483,0ecaa5967403d082aa24f35e1b516d23)
Start importing Assets/Sci-Fi Styled Modular Pack/Models/window_big_corner_LOD0.fbx using Guid(4c86d27bffd46554aae1d655796dff65) Importer(2089858483,0ecaa5967403d082aa24f35e1b516d23) Generated GUIDs only implemented for interfaces!
 -> (artifact id: 'c6dddf1924d179dab745096acc0e0799') in 0.015018 seconds
Number of updated asset objects reloaded before import = 0
Number of asset objects unloaded after import = 7
========================================================================
Received Import Request.
  Time since last request: 0.000033 seconds.
  path: Assets/Scripts/BackEnd/PHPConnection.cs
  artifactKey: Guid(0fee7b0c9dd34e55bac91c6876375ba7) Importer(2089858483,0ecaa5967403d082aa24f35e1b516d23)
Start importing Assets/Scripts/BackEnd/PHPConnection.cs using Guid(0fee7b0c9dd34e55bac91c6876375ba7) Importer(2089858483,0ecaa5967403d082aa24f35e1b516d23) Generated GUIDs only implemented for interfaces!
 -> (artifact id: 'e2bcf33e640c7f8ee0d33771282ecf96') in 0.004067 seconds
Number of updated asset objects reloaded before import = 0
Number of asset objects unloaded after import = 1
========================================================================
Received Import Request.
  Time since last request: 0.000012 seconds.
  path: Assets/Animations/fbxFeminine/expression/M_Talking_Variations_001.fbx
  artifactKey: Guid(a7fe8b3c5d557a548b5f20aaae43a415) Importer(2089858483,0ecaa5967403d082aa24f35e1b516d23)
Start importing Assets/Animations/fbxFeminine/expression/M_Talking_Variations_001.fbx using Guid(a7fe8b3c5d557a548b5f20aaae43a415) Importer(2089858483,0ecaa5967403d082aa24f35e1b516d23) Generated GUIDs only implemented for interfaces!
 -> (artifact id: '880b0baf298c17fa2c53ada06ca69bdd') in 0.021901 seconds
Number of updated asset objects reloaded before import = 0
Number of asset objects unloaded after import = 139
========================================================================
Received Import Request.
  Time since last request: 0.000015 seconds.
  path: Assets/Sci-Fi Styled Modular Pack/Models/window_big_no_side_full_LOD1.fbx
  artifactKey: Guid(7ed7804698d136f41af808075536d7d9) Importer(2089858483,0ecaa5967403d082aa24f35e1b516d23)
Start importing Assets/Sci-Fi Styled Modular Pack/Models/window_big_no_side_full_LOD1.fbx using Guid(7ed7804698d136f41af808075536d7d9) Importer(2089858483,0ecaa5967403d082aa24f35e1b516d23) Generated GUIDs only implemented for interfaces!
 -> (artifact id: 'b36daf54a1dfc44e2deb6df5c8def461') in 0.016307 seconds
Number of updated asset objects reloaded before import = 0
Number of asset objects unloaded after import = 7
========================================================================
Received Import Request.
  Time since last request: 0.000017 seconds.
  path: Assets/Sci-Fi Styled Modular Pack/Models/stairs_small_corner_with_emmision.fbx
  artifactKey: Guid(7aea3c50060e0d446823b9a09fd0fb1b) Importer(2089858483,0ecaa5967403d082aa24f35e1b516d23)
Start importing Assets/Sci-Fi Styled Modular Pack/Models/stairs_small_corner_with_emmision.fbx using Guid(7aea3c50060e0d446823b9a09fd0fb1b) Importer(2089858483,0ecaa5967403d082aa24f35e1b516d23) Generated GUIDs only implemented for interfaces!
 -> (artifact id: 'b93b7fd1e578784d8ca581d630aed9f4') in 0.018846 seconds
Number of updated asset objects reloaded before import = 0
Number of asset objects unloaded after import = 7
========================================================================
Received Import Request.
  Time since last request: 0.000025 seconds.
  path: Assets/Animations/fbxFeminine/expression/F_Talking_Variations_005.fbx
  artifactKey: Guid(d0a0e49aacb19624dba2d66f234f3d4f) Importer(2089858483,0ecaa5967403d082aa24f35e1b516d23)
Start importing Assets/Animations/fbxFeminine/expression/F_Talking_Variations_005.fbx using Guid(d0a0e49aacb19624dba2d66f234f3d4f) Importer(2089858483,0ecaa5967403d082aa24f35e1b516d23) Generated GUIDs only implemented for interfaces!
 -> (artifact id: 'e762fac4cd8f1214ac620b657d4c6caa') in 0.021956 seconds
Number of updated asset objects reloaded before import = 0
Number of asset objects unloaded after import = 139
========================================================================
Received Import Request.
  Time since last request: 0.000014 seconds.
  path: Assets/Sci-Fi Styled Modular Pack/Models/Sphere_32_extended.fbx
  artifactKey: Guid(b77b89f9c619298419251cf7f172fcb3) Importer(2089858483,0ecaa5967403d082aa24f35e1b516d23)
Start importing Assets/Sci-Fi Styled Modular Pack/Models/Sphere_32_extended.fbx using Guid(b77b89f9c619298419251cf7f172fcb3) Importer(2089858483,0ecaa5967403d082aa24f35e1b516d23) Generated GUIDs only implemented for interfaces!
 -> (artifact id: '70b1a0dda61dca4d5936fce9ccd21533') in 0.015612 seconds
Number of updated asset objects reloaded before import = 0
Number of asset objects unloaded after import = 7
========================================================================
Received Import Request.
  Time since last request: 0.000032 seconds.
  path: Assets/TextMesh Pro/Shaders/TMP_SDF-Surface.shader
  artifactKey: Guid(f7ada0af4f174f0694ca6a487b8f543d) Importer(2089858483,0ecaa5967403d082aa24f35e1b516d23)
Start importing Assets/TextMesh Pro/Shaders/TMP_SDF-Surface.shader using Guid(f7ada0af4f174f0694ca6a487b8f543d) Importer(2089858483,0ecaa5967403d082aa24f35e1b516d23) Generated GUIDs only implemented for interfaces!
 -> (artifact id: 'dc34a76abcb684d852918365c09d76e1') in 0.008224 seconds
Number of updated asset objects reloaded before import = 0
Number of asset objects unloaded after import = 1
========================================================================
Received Import Request.
  Time since last request: 0.000089 seconds.
  path: Assets/Animations/fbxFeminine/expression/M_Talking_Variations_005.fbx
  artifactKey: Guid(d7e2474a88b899f41b47b2848442c6b2) Importer(2089858483,0ecaa5967403d082aa24f35e1b516d23)
Start importing Assets/Animations/fbxFeminine/expression/M_Talking_Variations_005.fbx using Guid(d7e2474a88b899f41b47b2848442c6b2) Importer(2089858483,0ecaa5967403d082aa24f35e1b516d23) Generated GUIDs only implemented for interfaces!
 -> (artifact id: '83cd236be9c2b371dfe425f335d04fb5') in 0.022843 seconds
Number of updated asset objects reloaded before import = 0
Number of asset objects unloaded after import = 139
========================================================================
Received Import Request.
  Time since last request: 0.000018 seconds.
  path: Assets/Animations/fbxFeminine/expression/M_Talking_Variations_003.fbx
  artifactKey: Guid(10d84cbc203d74c44acb2ed930d00947) Importer(2089858483,0ecaa5967403d082aa24f35e1b516d23)
Start importing Assets/Animations/fbxFeminine/expression/M_Talking_Variations_003.fbx using Guid(10d84cbc203d74c44acb2ed930d00947) Importer(2089858483,0ecaa5967403d082aa24f35e1b516d23) Generated GUIDs only implemented for interfaces!
 -> (artifact id: '1c6030c0d60e070e1e76d68931c7bbf4') in 0.022744 seconds
Number of updated asset objects reloaded before import = 0
Number of asset objects unloaded after import = 139
========================================================================
Received Import Request.
  Time since last request: 0.000015 seconds.
  path: Assets/Animations/fbxFeminine/expression/M_Talking_Variations_008.fbx
  artifactKey: Guid(b1037974da5611f4c98a377b65818ec3) Importer(2089858483,0ecaa5967403d082aa24f35e1b516d23)
Start importing Assets/Animations/fbxFeminine/expression/M_Talking_Variations_008.fbx using Guid(b1037974da5611f4c98a377b65818ec3) Importer(2089858483,0ecaa5967403d082aa24f35e1b516d23) Generated GUIDs only implemented for interfaces!
 -> (artifact id: 'b54f33359ef263e026c94df8d956c0bb') in 0.020891 seconds
Number of updated asset objects reloaded before import = 0
Number of asset objects unloaded after import = 139
========================================================================
Received Import Request.
  Time since last request: 0.000014 seconds.
  path: Assets/TextMesh Pro/Shaders/TMP_SDF.shader
  artifactKey: Guid(68e6db2ebdc24f95958faec2be5558d6) Importer(2089858483,0ecaa5967403d082aa24f35e1b516d23)
Start importing Assets/TextMesh Pro/Shaders/TMP_SDF.shader using Guid(68e6db2ebdc24f95958faec2be5558d6) Importer(2089858483,0ecaa5967403d082aa24f35e1b516d23) Generated GUIDs only implemented for interfaces!
 -> (artifact id: '53ad631ac2e98746cb5370e59eb78eeb') in 0.007507 seconds
Number of updated asset objects reloaded before import = 0
Number of asset objects unloaded after import = 1
========================================================================
Received Import Request.
  Time since last request: 0.000096 seconds.
  path: Assets/Animations/fbxFeminine/dance/M_Dances_008.fbx
  artifactKey: Guid(79116ceca916ee04eb990d9ea8e369c9) Importer(2089858483,0ecaa5967403d082aa24f35e1b516d23)
Start importing Assets/Animations/fbxFeminine/dance/M_Dances_008.fbx using Guid(79116ceca916ee04eb990d9ea8e369c9) Importer(2089858483,0ecaa5967403d082aa24f35e1b516d23) Generated GUIDs only implemented for interfaces!
 -> (artifact id: 'f25d9cf4c3d47ef1b41bc92dacb9f052') in 0.023036 seconds
Number of updated asset objects reloaded before import = 0
Number of asset objects unloaded after import = 139
========================================================================
Received Import Request.
  Time since last request: 0.000019 seconds.
  path: Assets/Sci-Fi Styled Modular Pack/Models/window_big_with_side_full_LOD0.fbx
  artifactKey: Guid(5647c0f14586b7548ada96096f07fbcf) Importer(2089858483,0ecaa5967403d082aa24f35e1b516d23)
Start importing Assets/Sci-Fi Styled Modular Pack/Models/window_big_with_side_full_LOD0.fbx using Guid(5647c0f14586b7548ada96096f07fbcf) Importer(2089858483,0ecaa5967403d082aa24f35e1b516d23) Generated GUIDs only implemented for interfaces!
 -> (artifact id: '743984e92a0c3cf6a098c7afbe187f12') in 0.016432 seconds
Number of updated asset objects reloaded before import = 0
Number of asset objects unloaded after import = 7
========================================================================
Received Import Request.
  Time since last request: 0.000016 seconds.
  path: Assets/Sci-Fi Styled Modular Pack/Models/window_big_with_side_full_LOD1.fbx
  artifactKey: Guid(9c194dd4ed464d942a98b94222b7d507) Importer(2089858483,0ecaa5967403d082aa24f35e1b516d23)
Start importing Assets/Sci-Fi Styled Modular Pack/Models/window_big_with_side_full_LOD1.fbx using Guid(9c194dd4ed464d942a98b94222b7d507) Importer(2089858483,0ecaa5967403d082aa24f35e1b516d23) Generated GUIDs only implemented for interfaces!
 -> (artifact id: 'ea4190ca8f8cb8e9c96c46072663befc') in 0.017117 seconds
Number of updated asset objects reloaded before import = 0
Number of asset objects unloaded after import = 7
========================================================================
Received Import Request.
  Time since last request: 0.000014 seconds.
  path: Assets/Animations/fbxFeminine/expression/M_Talking_Variations_007.fbx
  artifactKey: Guid(75eaa2441fae4be49b5450c40ee01763) Importer(2089858483,0ecaa5967403d082aa24f35e1b516d23)
Start importing Assets/Animations/fbxFeminine/expression/M_Talking_Variations_007.fbx using Guid(75eaa2441fae4be49b5450c40ee01763) Importer(2089858483,0ecaa5967403d082aa24f35e1b516d23) Generated GUIDs only implemented for interfaces!
 -> (artifact id: '50ee5b1bdc3331c69f37534bbfcb6f07') in 0.023615 seconds
Number of updated asset objects reloaded before import = 0
Number of asset objects unloaded after import = 139
========================================================================
Received Import Request.
  Time since last request: 22.496764 seconds.
  path: Assets/Animations/fbxFeminine/expression/M_Talking_Variations_009.fbx
  artifactKey: Guid(139d63da7e444294487526079f5f63e6) Importer(2089858483,0ecaa5967403d082aa24f35e1b516d23)
Start importing Assets/Animations/fbxFeminine/expression/M_Talking_Variations_009.fbx using Guid(139d63da7e444294487526079f5f63e6) Importer(2089858483,0ecaa5967403d082aa24f35e1b516d23) Generated GUIDs only implemented for interfaces!
 -> (artifact id: 'fdfe4474db9d708794a91aec7f96b2d9') in 0.155796 seconds
Number of updated asset objects reloaded before import = 0
Number of asset objects unloaded after import = 139
========================================================================
Received Import Request.
  Time since last request: 0.000025 seconds.
  path: Assets/ENSIT Bib/stands/Materials/brain.mat
  artifactKey: Guid(38364d5b8cf7f6847ae9c3cdb6eb3d13) Importer(2089858483,0ecaa5967403d082aa24f35e1b516d23)
Start importing Assets/ENSIT Bib/stands/Materials/brain.mat using Guid(38364d5b8cf7f6847ae9c3cdb6eb3d13) Importer(2089858483,0ecaa5967403d082aa24f35e1b516d23) Generated GUIDs only implemented for interfaces!
 -> (artifact id: '8290f1bed9a460a7b6ac0b04663d86de') in 0.231989 seconds
Number of updated asset objects reloaded before import = 0
Number of asset objects unloaded after import = 2
========================================================================
Received Prepare
Begin MonoManager ReloadAssembly
Symbol file LoadedFromMemory is not a mono symbol file
- Loaded All Assemblies, in  0.680 seconds
Refreshing native plugins compatible for Editor in 3.59 ms, found 3 plugins.
Native extension for WindowsStandalone target not found
Native extension for WebGL target not found
[Package Manager] Server::EnsureServerProcessIsRunning -- launch failed, reason: Unity was launched with the -noUpm command-line argument
[Package Manager] UpmClient::Send -- Unable to send message (not connected to UPM process).
[Package Manager] Cannot connect to Unity Package Manager local server
Mono: successfully reloaded assembly
- Finished resetting the current domain, in  1.074 seconds
Domain Reload Profiling: 1750ms
	BeginReloadAssembly (261ms)
		ExecutionOrderSort (0ms)
		DisableScriptedObjects (12ms)
		BackupInstance (0ms)
		ReleaseScriptingObjects (0ms)
		CreateAndSetChildDomain (61ms)
	RebuildCommonClasses (64ms)
	RebuildNativeTypeToScriptingClass (23ms)
	initialDomainReloadingComplete (43ms)
	LoadAllAssembliesAndSetupDomain (284ms)
		LoadAssemblies (369ms)
		RebuildTransferFunctionScriptingTraits (0ms)
		AnalyzeDomain (18ms)
			TypeCache.Refresh (7ms)
				TypeCache.ScanAssembly (0ms)
			ScanForSourceGeneratedMonoScriptInfo (0ms)
			ResolveRequiredComponents (8ms)
	FinalizeReload (1074ms)
		ReleaseScriptCaches (0ms)
		RebuildScriptCaches (0ms)
		SetupLoadedEditorAssemblies (511ms)
			LogAssemblyErrors (0ms)
			InitializePlatformSupportModulesInManaged (6ms)
			SetLoadedEditorAssemblies (5ms)
			RefreshPlugins (0ms)
			BeforeProcessingInitializeOnLoad (88ms)
			ProcessInitializeOnLoadAttributes (377ms)
			ProcessInitializeOnLoadMethodAttributes (28ms)
			AfterProcessingInitializeOnLoad (6ms)
			EditorAssembliesLoaded (0ms)
		ExecutionOrderSort2 (0ms)
		AwakeInstancesAfterBackupRestoration (7ms)
Refreshing native plugins compatible for Editor in 18.60 ms, found 3 plugins.
Preloading 0 native plugins for Editor in 0.00 ms.
Unloading 3916 Unused Serialized files (Serialized files now loaded: 0)
Unloading 30 unused Assets / (34.0 KB). Loaded Objects now: 4491.
Memory consumption went from 183.3 MB to 183.3 MB.
Total: 2.425600 ms (FindLiveObjects: 0.270300 ms CreateObjectMapping: 0.109100 ms MarkObjects: 1.995600 ms  DeleteObjects: 0.049700 ms)

Prepare: number of updated asset objects reloaded= 0
AssetImportParameters requested are different than current active one (requested -> active):
  custom:container-demuxer-ogg: 62fdf1f143b41e24485cea50d1cbac27 -> 
  custom:video-codec-MediaFoundation-h265: 746d11721c4dcdbdad8f713fa42b33f4 -> 
  custom:video-decoder-ogg-theora: a1e56fd34408186e4bbccfd4996cb3dc -> 
  custom:framework-win-MediaFoundation: 216162199b28c13a410421893ffa2e32 -> 
  custom:CustomObjectIndexerAttribute: 6d391050e5a25f67b0a2c618074f2cd9 -> 
  custom:container-demuxer-webm: 4f35f7cbe854078d1ac9338744f61a02 -> 
  custom:container-muxer-webm: aa71ff27fc2769a1b78a27578f13a17b -> 
  custom:video-decoder-webm-vp8: 9c59270c3fd7afecdb556c50c9e8de78 -> 
  custom:SearchIndexIgnoredProperties: e643bd26f0fe6173181afceb89e7c659 -> 
  custom:AudioImporter_EditorPlatform: d09bf68614088b80899f8185d706f6e7 -> 
  custom:video-encoder-webm-vp8: eb34c28f22e8b96e1ab97ce403110664 -> 
  custom:audio-decoder-ogg-vorbis: bf7c407c2cedff20999df2af8eb42d56 -> 
  custom:audio-encoder-webm-vorbis: bf7c407c2cedff20999df2af8eb42d56 -> 
========================================================================
Received Import Request.
  Time since last request: 207.032695 seconds.
  path: Assets/Prefabs/3d-model 1.prefab
  artifactKey: Guid(8617fb462e33a074a9aabd88caf5b57a) Importer(815301076,1909f56bfc062723c751e8b465ee728b)
Start importing Assets/Prefabs/3d-model 1.prefab using Guid(8617fb462e33a074a9aabd88caf5b57a) Importer(815301076,1909f56bfc062723c751e8b465ee728b)  -> (artifact id: '568f9e23dd874532d3ad7e56f8abc84a') in 0.271027 seconds
Number of updated asset objects reloaded before import = 0
Number of asset objects unloaded after import = 619
========================================================================
Received Import Request.
  Time since last request: 0.000038 seconds.
  path: Assets/Prefabs/BlueCircleInfo.prefab
  artifactKey: Guid(6694c3e27a352134ab2ab713fc6c37fc) Importer(815301076,1909f56bfc062723c751e8b465ee728b)
Start importing Assets/Prefabs/BlueCircleInfo.prefab using Guid(6694c3e27a352134ab2ab713fc6c37fc) Importer(815301076,1909f56bfc062723c751e8b465ee728b)  -> (artifact id: '7d03f4cb7f1c9a3fca043f54a0fc1696') in 0.013141 seconds
Number of updated asset objects reloaded before import = 0
Number of asset objects unloaded after import = 13
========================================================================
Received Import Request.
  Time since last request: 0.000023 seconds.
  path: Assets/Prefabs/avatar.prefab
  artifactKey: Guid(b521ef93816520443a70f57a8a938bf9) Importer(815301076,1909f56bfc062723c751e8b465ee728b)
Start importing Assets/Prefabs/avatar.prefab using Guid(b521ef93816520443a70f57a8a938bf9) Importer(815301076,1909f56bfc062723c751e8b465ee728b)  -> (artifact id: '6f2b1768284ee3ba0418e3771f9697ea') in 0.246201 seconds
Number of updated asset objects reloaded before import = 0
Number of asset objects unloaded after import = 394
========================================================================
Received Import Request.
  Time since last request: 0.000054 seconds.
  path: Assets/Prefabs/ENSIT.prefab
  artifactKey: Guid(bd30b5642d4193f45b60df5b507c813a) Importer(815301076,1909f56bfc062723c751e8b465ee728b)
Start importing Assets/Prefabs/ENSIT.prefab using Guid(bd30b5642d4193f45b60df5b507c813a) Importer(815301076,1909f56bfc062723c751e8b465ee728b)  -> (artifact id: 'fd80b49a790cfcc3e7f1798cf344ef25') in 1.025618 seconds
Number of updated asset objects reloaded before import = 0
Number of asset objects unloaded after import = 6445
========================================================================
Received Import Request.
  Time since last request: 22.302987 seconds.
  path: Assets/Prefabs/ENSIT.prefab
  artifactKey: Guid(bd30b5642d4193f45b60df5b507c813a) Importer(815301076,1909f56bfc062723c751e8b465ee728b)
Start importing Assets/Prefabs/ENSIT.prefab using Guid(bd30b5642d4193f45b60df5b507c813a) Importer(815301076,1909f56bfc062723c751e8b465ee728b)  -> (artifact id: '09a50a66b07cca5e97633c2970649b3b') in 1.322947 seconds
Number of updated asset objects reloaded before import = 0
Number of asset objects unloaded after import = 6445
========================================================================
Received Prepare
Begin MonoManager ReloadAssembly
Symbol file LoadedFromMemory is not a mono symbol file
- Loaded All Assemblies, in  0.982 seconds
Refreshing native plugins compatible for Editor in 6.49 ms, found 3 plugins.
Native extension for WindowsStandalone target not found
Native extension for WebGL target not found
[Package Manager] Server::EnsureServerProcessIsRunning -- launch failed, reason: Unity was launched with the -noUpm command-line argument
[Package Manager] UpmClient::Send -- Unable to send message (not connected to UPM process).
[Package Manager] Cannot connect to Unity Package Manager local server
Mono: successfully reloaded assembly
- Finished resetting the current domain, in  0.899 seconds
Domain Reload Profiling: 1878ms
	BeginReloadAssembly (366ms)
		ExecutionOrderSort (0ms)
		DisableScriptedObjects (12ms)
		BackupInstance (0ms)
		ReleaseScriptingObjects (0ms)
		CreateAndSetChildDomain (100ms)
	RebuildCommonClasses (111ms)
	RebuildNativeTypeToScriptingClass (41ms)
	initialDomainReloadingComplete (85ms)
	LoadAllAssembliesAndSetupDomain (375ms)
		LoadAssemblies (530ms)
		RebuildTransferFunctionScriptingTraits (0ms)
		AnalyzeDomain (38ms)
			TypeCache.Refresh (17ms)
				TypeCache.ScanAssembly (3ms)
			ScanForSourceGeneratedMonoScriptInfo (11ms)
			ResolveRequiredComponents (8ms)
	FinalizeReload (900ms)
		ReleaseScriptCaches (0ms)
		RebuildScriptCaches (0ms)
		SetupLoadedEditorAssemblies (445ms)
			LogAssemblyErrors (0ms)
			InitializePlatformSupportModulesInManaged (6ms)
			SetLoadedEditorAssemblies (3ms)
			RefreshPlugins (0ms)
			BeforeProcessingInitializeOnLoad (79ms)
			ProcessInitializeOnLoadAttributes (330ms)
			ProcessInitializeOnLoadMethodAttributes (22ms)
			AfterProcessingInitializeOnLoad (5ms)
			EditorAssembliesLoaded (0ms)
		ExecutionOrderSort2 (0ms)
		AwakeInstancesAfterBackupRestoration (8ms)
Refreshing native plugins compatible for Editor in 6.13 ms, found 3 plugins.
Preloading 0 native plugins for Editor in 0.00 ms.
Unloading 3916 Unused Serialized files (Serialized files now loaded: 0)
Unloading 30 unused Assets / (34.0 KB). Loaded Objects now: 4494.
Memory consumption went from 185.8 MB to 185.7 MB.
Total: 3.208000 ms (FindLiveObjects: 0.335200 ms CreateObjectMapping: 0.157600 ms MarkObjects: 2.636300 ms  DeleteObjects: 0.078000 ms)

Prepare: number of updated asset objects reloaded= 0
AssetImportParameters requested are different than current active one (requested -> active):
  custom:container-demuxer-ogg: 62fdf1f143b41e24485cea50d1cbac27 -> 
  custom:video-codec-MediaFoundation-h265: 746d11721c4dcdbdad8f713fa42b33f4 -> 
  custom:video-decoder-ogg-theora: a1e56fd34408186e4bbccfd4996cb3dc -> 
  custom:framework-win-MediaFoundation: 216162199b28c13a410421893ffa2e32 -> 
  custom:CustomObjectIndexerAttribute: 6d391050e5a25f67b0a2c618074f2cd9 -> 
  custom:container-demuxer-webm: 4f35f7cbe854078d1ac9338744f61a02 -> 
  custom:container-muxer-webm: aa71ff27fc2769a1b78a27578f13a17b -> 
  custom:video-decoder-webm-vp8: 9c59270c3fd7afecdb556c50c9e8de78 -> 
  custom:SearchIndexIgnoredProperties: e643bd26f0fe6173181afceb89e7c659 -> 
  custom:AudioImporter_EditorPlatform: d09bf68614088b80899f8185d706f6e7 -> 
  custom:video-encoder-webm-vp8: eb34c28f22e8b96e1ab97ce403110664 -> 
  custom:audio-decoder-ogg-vorbis: bf7c407c2cedff20999df2af8eb42d56 -> 
  custom:audio-encoder-webm-vorbis: bf7c407c2cedff20999df2af8eb42d56 -> 
========================================================================
Received Prepare
Refreshing native plugins compatible for Editor in 4.12 ms, found 3 plugins.
Preloading 0 native plugins for Editor in 0.00 ms.
Unloading 0 Unused Serialized files (Serialized files now loaded: 0)
Unloading 0 unused Assets / (0 B). Loaded Objects now: 4494.
Memory consumption went from 125.6 MB to 125.6 MB.
Total: 2.528000 ms (FindLiveObjects: 0.327900 ms CreateObjectMapping: 0.131000 ms MarkObjects: 2.056900 ms  DeleteObjects: 0.010900 ms)

Prepare: number of updated asset objects reloaded= 0
AssetImportParameters requested are different than current active one (requested -> active):
  custom:container-demuxer-ogg: 62fdf1f143b41e24485cea50d1cbac27 -> 
  custom:video-codec-MediaFoundation-h265: 746d11721c4dcdbdad8f713fa42b33f4 -> 
  custom:video-decoder-ogg-theora: a1e56fd34408186e4bbccfd4996cb3dc -> 
  custom:framework-win-MediaFoundation: 216162199b28c13a410421893ffa2e32 -> 
  custom:CustomObjectIndexerAttribute: 6d391050e5a25f67b0a2c618074f2cd9 -> 
  custom:container-demuxer-webm: 4f35f7cbe854078d1ac9338744f61a02 -> 
  custom:container-muxer-webm: aa71ff27fc2769a1b78a27578f13a17b -> 
  custom:video-decoder-webm-vp8: 9c59270c3fd7afecdb556c50c9e8de78 -> 
  custom:SearchIndexIgnoredProperties: e643bd26f0fe6173181afceb89e7c659 -> 
  custom:AudioImporter_EditorPlatform: d09bf68614088b80899f8185d706f6e7 -> 
  custom:video-encoder-webm-vp8: eb34c28f22e8b96e1ab97ce403110664 -> 
  custom:audio-decoder-ogg-vorbis: bf7c407c2cedff20999df2af8eb42d56 -> 
  custom:audio-encoder-webm-vorbis: bf7c407c2cedff20999df2af8eb42d56 -> 
========================================================================
Received Prepare
Refreshing native plugins compatible for Editor in 6.59 ms, found 3 plugins.
Preloading 0 native plugins for Editor in 0.00 ms.
Unloading 0 Unused Serialized files (Serialized files now loaded: 0)
Unloading 0 unused Assets / (0 B). Loaded Objects now: 4494.
Memory consumption went from 125.3 MB to 125.3 MB.
Total: 8.799900 ms (FindLiveObjects: 0.754800 ms CreateObjectMapping: 0.361400 ms MarkObjects: 7.663900 ms  DeleteObjects: 0.015400 ms)

Prepare: number of updated asset objects reloaded= 0
AssetImportParameters requested are different than current active one (requested -> active):
  custom:container-demuxer-ogg: 62fdf1f143b41e24485cea50d1cbac27 -> 
  custom:video-codec-MediaFoundation-h265: 746d11721c4dcdbdad8f713fa42b33f4 -> 
  custom:video-decoder-ogg-theora: a1e56fd34408186e4bbccfd4996cb3dc -> 
  custom:framework-win-MediaFoundation: 216162199b28c13a410421893ffa2e32 -> 
  custom:CustomObjectIndexerAttribute: 6d391050e5a25f67b0a2c618074f2cd9 -> 
  custom:container-demuxer-webm: 4f35f7cbe854078d1ac9338744f61a02 -> 
  custom:container-muxer-webm: aa71ff27fc2769a1b78a27578f13a17b -> 
  custom:video-decoder-webm-vp8: 9c59270c3fd7afecdb556c50c9e8de78 -> 
  custom:SearchIndexIgnoredProperties: e643bd26f0fe6173181afceb89e7c659 -> 
  custom:AudioImporter_EditorPlatform: d09bf68614088b80899f8185d706f6e7 -> 
  custom:video-encoder-webm-vp8: eb34c28f22e8b96e1ab97ce403110664 -> 
  custom:audio-decoder-ogg-vorbis: bf7c407c2cedff20999df2af8eb42d56 -> 
  custom:audio-encoder-webm-vorbis: bf7c407c2cedff20999df2af8eb42d56 -> 
========================================================================
Received Prepare
Begin MonoManager ReloadAssembly
Symbol file LoadedFromMemory is not a mono symbol file
- Loaded All Assemblies, in  0.504 seconds
Refreshing native plugins compatible for Editor in 4.91 ms, found 3 plugins.
Native extension for WindowsStandalone target not found
Native extension for WebGL target not found
[Package Manager] Server::EnsureServerProcessIsRunning -- launch failed, reason: Unity was launched with the -noUpm command-line argument
[Package Manager] UpmClient::Send -- Unable to send message (not connected to UPM process).
[Package Manager] Cannot connect to Unity Package Manager local server
Mono: successfully reloaded assembly
- Finished resetting the current domain, in  1.027 seconds
Domain Reload Profiling: 1530ms
	BeginReloadAssembly (177ms)
		ExecutionOrderSort (0ms)
		DisableScriptedObjects (6ms)
		BackupInstance (0ms)
		ReleaseScriptingObjects (0ms)
		CreateAndSetChildDomain (33ms)
	RebuildCommonClasses (53ms)
	RebuildNativeTypeToScriptingClass (14ms)
	initialDomainReloadingComplete (27ms)
	LoadAllAssembliesAndSetupDomain (232ms)
		LoadAssemblies (314ms)
		RebuildTransferFunctionScriptingTraits (0ms)
		AnalyzeDomain (20ms)
			TypeCache.Refresh (8ms)
				TypeCache.ScanAssembly (0ms)
			ScanForSourceGeneratedMonoScriptInfo (0ms)
			ResolveRequiredComponents (10ms)
	FinalizeReload (1028ms)
		ReleaseScriptCaches (0ms)
		RebuildScriptCaches (0ms)
		SetupLoadedEditorAssemblies (526ms)
			LogAssemblyErrors (0ms)
			InitializePlatformSupportModulesInManaged (8ms)
			SetLoadedEditorAssemblies (4ms)
			RefreshPlugins (0ms)
			BeforeProcessingInitializeOnLoad (96ms)
			ProcessInitializeOnLoadAttributes (373ms)
			ProcessInitializeOnLoadMethodAttributes (37ms)
			AfterProcessingInitializeOnLoad (7ms)
			EditorAssembliesLoaded (0ms)
		ExecutionOrderSort2 (0ms)
		AwakeInstancesAfterBackupRestoration (9ms)
Refreshing native plugins compatible for Editor in 4.14 ms, found 3 plugins.
Preloading 0 native plugins for Editor in 0.00 ms.
Unloading 3916 Unused Serialized files (Serialized files now loaded: 0)
Unloading 30 unused Assets / (33.9 KB). Loaded Objects now: 4497.
Memory consumption went from 187.7 MB to 187.7 MB.
Total: 5.775000 ms (FindLiveObjects: 0.502700 ms CreateObjectMapping: 0.410600 ms MarkObjects: 4.734000 ms  DeleteObjects: 0.126300 ms)

Prepare: number of updated asset objects reloaded= 0
AssetImportParameters requested are different than current active one (requested -> active):
  custom:container-demuxer-ogg: 62fdf1f143b41e24485cea50d1cbac27 -> 
  custom:video-codec-MediaFoundation-h265: 746d11721c4dcdbdad8f713fa42b33f4 -> 
  custom:video-decoder-ogg-theora: a1e56fd34408186e4bbccfd4996cb3dc -> 
  custom:framework-win-MediaFoundation: 216162199b28c13a410421893ffa2e32 -> 
  custom:CustomObjectIndexerAttribute: 6d391050e5a25f67b0a2c618074f2cd9 -> 
  custom:container-demuxer-webm: 4f35f7cbe854078d1ac9338744f61a02 -> 
  custom:container-muxer-webm: aa71ff27fc2769a1b78a27578f13a17b -> 
  custom:video-decoder-webm-vp8: 9c59270c3fd7afecdb556c50c9e8de78 -> 
  custom:SearchIndexIgnoredProperties: e643bd26f0fe6173181afceb89e7c659 -> 
  custom:AudioImporter_EditorPlatform: d09bf68614088b80899f8185d706f6e7 -> 
  custom:video-encoder-webm-vp8: eb34c28f22e8b96e1ab97ce403110664 -> 
  custom:audio-decoder-ogg-vorbis: bf7c407c2cedff20999df2af8eb42d56 -> 
  custom:audio-encoder-webm-vorbis: bf7c407c2cedff20999df2af8eb42d56 -> 
========================================================================
Received Prepare
Begin MonoManager ReloadAssembly
Symbol file LoadedFromMemory is not a mono symbol file
- Loaded All Assemblies, in  0.514 seconds
Refreshing native plugins compatible for Editor in 5.44 ms, found 3 plugins.
Native extension for WindowsStandalone target not found
Native extension for WebGL target not found
[Package Manager] Server::EnsureServerProcessIsRunning -- launch failed, reason: Unity was launched with the -noUpm command-line argument
[Package Manager] UpmClient::Send -- Unable to send message (not connected to UPM process).
[Package Manager] Cannot connect to Unity Package Manager local server
Mono: successfully reloaded assembly
- Finished resetting the current domain, in  1.043 seconds
Domain Reload Profiling: 1556ms
	BeginReloadAssembly (169ms)
		ExecutionOrderSort (0ms)
		DisableScriptedObjects (5ms)
		BackupInstance (0ms)
		ReleaseScriptingObjects (0ms)
		CreateAndSetChildDomain (40ms)
	RebuildCommonClasses (41ms)
	RebuildNativeTypeToScriptingClass (20ms)
	initialDomainReloadingComplete (34ms)
	LoadAllAssembliesAndSetupDomain (246ms)
		LoadAssemblies (311ms)
		RebuildTransferFunctionScriptingTraits (0ms)
		AnalyzeDomain (23ms)
			TypeCache.Refresh (7ms)
				TypeCache.ScanAssembly (0ms)
			ScanForSourceGeneratedMonoScriptInfo (0ms)
			ResolveRequiredComponents (10ms)
	FinalizeReload (1044ms)
		ReleaseScriptCaches (0ms)
		RebuildScriptCaches (0ms)
		SetupLoadedEditorAssemblies (517ms)
			LogAssemblyErrors (0ms)
			InitializePlatformSupportModulesInManaged (6ms)
			SetLoadedEditorAssemblies (5ms)
			RefreshPlugins (0ms)
			BeforeProcessingInitializeOnLoad (77ms)
			ProcessInitializeOnLoadAttributes (396ms)
			ProcessInitializeOnLoadMethodAttributes (27ms)
			AfterProcessingInitializeOnLoad (6ms)
			EditorAssembliesLoaded (0ms)
		ExecutionOrderSort2 (0ms)
		AwakeInstancesAfterBackupRestoration (8ms)
Refreshing native plugins compatible for Editor in 3.77 ms, found 3 plugins.
Preloading 0 native plugins for Editor in 0.00 ms.
Unloading 3916 Unused Serialized files (Serialized files now loaded: 0)
Unloading 30 unused Assets / (34.0 KB). Loaded Objects now: 4500.
Memory consumption went from 189.6 MB to 189.6 MB.
Total: 4.637700 ms (FindLiveObjects: 0.338200 ms CreateObjectMapping: 0.156900 ms MarkObjects: 4.054900 ms  DeleteObjects: 0.086400 ms)

Prepare: number of updated asset objects reloaded= 0
AssetImportParameters requested are different than current active one (requested -> active):
  custom:container-demuxer-ogg: 62fdf1f143b41e24485cea50d1cbac27 -> 
  custom:video-codec-MediaFoundation-h265: 746d11721c4dcdbdad8f713fa42b33f4 -> 
  custom:video-decoder-ogg-theora: a1e56fd34408186e4bbccfd4996cb3dc -> 
  custom:framework-win-MediaFoundation: 216162199b28c13a410421893ffa2e32 -> 
  custom:CustomObjectIndexerAttribute: 6d391050e5a25f67b0a2c618074f2cd9 -> 
  custom:container-demuxer-webm: 4f35f7cbe854078d1ac9338744f61a02 -> 
  custom:container-muxer-webm: aa71ff27fc2769a1b78a27578f13a17b -> 
  custom:video-decoder-webm-vp8: 9c59270c3fd7afecdb556c50c9e8de78 -> 
  custom:SearchIndexIgnoredProperties: e643bd26f0fe6173181afceb89e7c659 -> 
  custom:AudioImporter_EditorPlatform: d09bf68614088b80899f8185d706f6e7 -> 
  custom:video-encoder-webm-vp8: eb34c28f22e8b96e1ab97ce403110664 -> 
  custom:audio-decoder-ogg-vorbis: bf7c407c2cedff20999df2af8eb42d56 -> 
  custom:audio-encoder-webm-vorbis: bf7c407c2cedff20999df2af8eb42d56 -> 
========================================================================
Received Import Request.
  Time since last request: 1584.413804 seconds.
  path: Assets/Sprites/ensit.png
  artifactKey: Guid(e212eab5a160ece4e9d96d269a8f0d40) Importer(815301076,1909f56bfc062723c751e8b465ee728b)
Start importing Assets/Sprites/ensit.png using Guid(e212eab5a160ece4e9d96d269a8f0d40) Importer(815301076,1909f56bfc062723c751e8b465ee728b)  -> (artifact id: '0852013696c094114095c21cd13101e0') in 0.128638 seconds
Number of updated asset objects reloaded before import = 0
Number of asset objects unloaded after import = 3
========================================================================
Received Import Request.
  Time since last request: 287.283398 seconds.
  path: Assets/Sprites/65c3dc6171a293285359010a.png
  artifactKey: Guid(b60a4bb1bd7b8b84f9dbde917d30d90c) Importer(815301076,1909f56bfc062723c751e8b465ee728b)
Start importing Assets/Sprites/65c3dc6171a293285359010a.png using Guid(b60a4bb1bd7b8b84f9dbde917d30d90c) Importer(815301076,1909f56bfc062723c751e8b465ee728b)  -> (artifact id: 'aaa728c8940b7c938c01567cb86c3dd5') in 0.040874 seconds
Number of updated asset objects reloaded before import = 0
Number of asset objects unloaded after import = 3
========================================================================
Received Import Request.
  Time since last request: 21.900674 seconds.
  path: Assets/Sprites/_117310488_16.jpg
  artifactKey: Guid(8b114dee9bc5b6a4288f193e061e366d) Importer(815301076,1909f56bfc062723c751e8b465ee728b)
Start importing Assets/Sprites/_117310488_16.jpg using Guid(8b114dee9bc5b6a4288f193e061e366d) Importer(815301076,1909f56bfc062723c751e8b465ee728b)  -> (artifact id: 'b8acdc5013ac13a888004c9337581d71') in 0.078392 seconds
Number of updated asset objects reloaded before import = 0
Number of asset objects unloaded after import = 3
========================================================================
Received Prepare
Refreshing native plugins compatible for Editor in 3.80 ms, found 3 plugins.
Preloading 0 native plugins for Editor in 0.00 ms.
Unloading 0 Unused Serialized files (Serialized files now loaded: 0)
Unloading 0 unused Assets / (0 B). Loaded Objects now: 4507.
Memory consumption went from 129.2 MB to 129.2 MB.
Total: 5.825500 ms (FindLiveObjects: 0.508200 ms CreateObjectMapping: 0.261900 ms MarkObjects: 5.023100 ms  DeleteObjects: 0.025400 ms)

Prepare: number of updated asset objects reloaded= 0
AssetImportParameters requested are different than current active one (requested -> active):
  custom:container-demuxer-ogg: 62fdf1f143b41e24485cea50d1cbac27 -> 
  custom:video-codec-MediaFoundation-h265: 746d11721c4dcdbdad8f713fa42b33f4 -> 
  custom:video-decoder-ogg-theora: a1e56fd34408186e4bbccfd4996cb3dc -> 
  custom:framework-win-MediaFoundation: 216162199b28c13a410421893ffa2e32 -> 
  custom:CustomObjectIndexerAttribute: 6d391050e5a25f67b0a2c618074f2cd9 -> 
  custom:container-demuxer-webm: 4f35f7cbe854078d1ac9338744f61a02 -> 
  custom:container-muxer-webm: aa71ff27fc2769a1b78a27578f13a17b -> 
  custom:video-decoder-webm-vp8: 9c59270c3fd7afecdb556c50c9e8de78 -> 
  custom:SearchIndexIgnoredProperties: e643bd26f0fe6173181afceb89e7c659 -> 
  custom:AudioImporter_EditorPlatform: d09bf68614088b80899f8185d706f6e7 -> 
  custom:video-encoder-webm-vp8: eb34c28f22e8b96e1ab97ce403110664 -> 
  custom:audio-decoder-ogg-vorbis: bf7c407c2cedff20999df2af8eb42d56 -> 
  custom:audio-encoder-webm-vorbis: bf7c407c2cedff20999df2af8eb42d56 -> 
========================================================================
Received Prepare
Refreshing native plugins compatible for Editor in 4.74 ms, found 3 plugins.
Preloading 0 native plugins for Editor in 0.00 ms.
Unloading 0 Unused Serialized files (Serialized files now loaded: 0)
Unloading 0 unused Assets / (0 B). Loaded Objects now: 4507.
Memory consumption went from 129.2 MB to 129.2 MB.
Total: 3.287900 ms (FindLiveObjects: 0.351100 ms CreateObjectMapping: 0.161300 ms MarkObjects: 2.764000 ms  DeleteObjects: 0.009100 ms)

Prepare: number of updated asset objects reloaded= 0
AssetImportParameters requested are different than current active one (requested -> active):
  custom:container-demuxer-ogg: 62fdf1f143b41e24485cea50d1cbac27 -> 
  custom:video-codec-MediaFoundation-h265: 746d11721c4dcdbdad8f713fa42b33f4 -> 
  custom:video-decoder-ogg-theora: a1e56fd34408186e4bbccfd4996cb3dc -> 
  custom:framework-win-MediaFoundation: 216162199b28c13a410421893ffa2e32 -> 
  custom:CustomObjectIndexerAttribute: 6d391050e5a25f67b0a2c618074f2cd9 -> 
  custom:container-demuxer-webm: 4f35f7cbe854078d1ac9338744f61a02 -> 
  custom:container-muxer-webm: aa71ff27fc2769a1b78a27578f13a17b -> 
  custom:video-decoder-webm-vp8: 9c59270c3fd7afecdb556c50c9e8de78 -> 
  custom:SearchIndexIgnoredProperties: e643bd26f0fe6173181afceb89e7c659 -> 
  custom:AudioImporter_EditorPlatform: d09bf68614088b80899f8185d706f6e7 -> 
  custom:video-encoder-webm-vp8: eb34c28f22e8b96e1ab97ce403110664 -> 
  custom:audio-decoder-ogg-vorbis: bf7c407c2cedff20999df2af8eb42d56 -> 
  custom:audio-encoder-webm-vorbis: bf7c407c2cedff20999df2af8eb42d56 -> 
========================================================================
Received Prepare
Begin MonoManager ReloadAssembly
Symbol file LoadedFromMemory is not a mono symbol file
- Loaded All Assemblies, in  1.317 seconds
Refreshing native plugins compatible for Editor in 6.86 ms, found 3 plugins.
Native extension for WindowsStandalone target not found
Native extension for WebGL target not found
[Package Manager] Server::EnsureServerProcessIsRunning -- launch failed, reason: Unity was launched with the -noUpm command-line argument
[Package Manager] UpmClient::Send -- Unable to send message (not connected to UPM process).
[Package Manager] Cannot connect to Unity Package Manager local server
Mono: successfully reloaded assembly
- Finished resetting the current domain, in  2.027 seconds
Domain Reload Profiling: 3339ms
	BeginReloadAssembly (577ms)
		ExecutionOrderSort (0ms)
		DisableScriptedObjects (12ms)
		BackupInstance (0ms)
		ReleaseScriptingObjects (0ms)
		CreateAndSetChildDomain (222ms)
	RebuildCommonClasses (154ms)
	RebuildNativeTypeToScriptingClass (28ms)
	initialDomainReloadingComplete (62ms)
	LoadAllAssembliesAndSetupDomain (490ms)
		LoadAssemblies (734ms)
		RebuildTransferFunctionScriptingTraits (0ms)
		AnalyzeDomain (31ms)
			TypeCache.Refresh (14ms)
				TypeCache.ScanAssembly (0ms)
			ScanForSourceGeneratedMonoScriptInfo (0ms)
			ResolveRequiredComponents (12ms)
	FinalizeReload (2028ms)
		ReleaseScriptCaches (0ms)
		RebuildScriptCaches (0ms)
		SetupLoadedEditorAssemblies (951ms)
			LogAssemblyErrors (0ms)
			InitializePlatformSupportModulesInManaged (15ms)
			SetLoadedEditorAssemblies (9ms)
			RefreshPlugins (0ms)
			BeforeProcessingInitializeOnLoad (175ms)
			ProcessInitializeOnLoadAttributes (686ms)
			ProcessInitializeOnLoadMethodAttributes (54ms)
			AfterProcessingInitializeOnLoad (12ms)
			EditorAssembliesLoaded (0ms)
		ExecutionOrderSort2 (0ms)
		AwakeInstancesAfterBackupRestoration (14ms)
Refreshing native plugins compatible for Editor in 8.41 ms, found 3 plugins.
Preloading 0 native plugins for Editor in 0.00 ms.
Unloading 3916 Unused Serialized files (Serialized files now loaded: 0)
Unloading 30 unused Assets / (33.9 KB). Loaded Objects now: 4509.
Memory consumption went from 191.5 MB to 191.5 MB.
Total: 6.216400 ms (FindLiveObjects: 0.725700 ms CreateObjectMapping: 0.429700 ms MarkObjects: 4.968900 ms  DeleteObjects: 0.089600 ms)

Prepare: number of updated asset objects reloaded= 0
AssetImportParameters requested are different than current active one (requested -> active):
  custom:container-demuxer-ogg: 62fdf1f143b41e24485cea50d1cbac27 -> 
  custom:video-codec-MediaFoundation-h265: 746d11721c4dcdbdad8f713fa42b33f4 -> 
  custom:video-decoder-ogg-theora: a1e56fd34408186e4bbccfd4996cb3dc -> 
  custom:framework-win-MediaFoundation: 216162199b28c13a410421893ffa2e32 -> 
  custom:CustomObjectIndexerAttribute: 6d391050e5a25f67b0a2c618074f2cd9 -> 
  custom:container-demuxer-webm: 4f35f7cbe854078d1ac9338744f61a02 -> 
  custom:container-muxer-webm: aa71ff27fc2769a1b78a27578f13a17b -> 
  custom:video-decoder-webm-vp8: 9c59270c3fd7afecdb556c50c9e8de78 -> 
  custom:SearchIndexIgnoredProperties: e643bd26f0fe6173181afceb89e7c659 -> 
  custom:AudioImporter_EditorPlatform: d09bf68614088b80899f8185d706f6e7 -> 
  custom:video-encoder-webm-vp8: eb34c28f22e8b96e1ab97ce403110664 -> 
  custom:audio-decoder-ogg-vorbis: bf7c407c2cedff20999df2af8eb42d56 -> 
  custom:audio-encoder-webm-vorbis: bf7c407c2cedff20999df2af8eb42d56 -> 
========================================================================
Received Prepare
Begin MonoManager ReloadAssembly
Symbol file LoadedFromMemory is not a mono symbol file
- Loaded All Assemblies, in  0.465 seconds
Refreshing native plugins compatible for Editor in 4.43 ms, found 3 plugins.
Native extension for WindowsStandalone target not found
Native extension for WebGL target not found
[Package Manager] Server::EnsureServerProcessIsRunning -- launch failed, reason: Unity was launched with the -noUpm command-line argument
[Package Manager] UpmClient::Send -- Unable to send message (not connected to UPM process).
[Package Manager] Cannot connect to Unity Package Manager local server
Mono: successfully reloaded assembly
- Finished resetting the current domain, in  0.884 seconds
Domain Reload Profiling: 1347ms
	BeginReloadAssembly (167ms)
		ExecutionOrderSort (0ms)
		DisableScriptedObjects (5ms)
		BackupInstance (0ms)
		ReleaseScriptingObjects (0ms)
		CreateAndSetChildDomain (33ms)
	RebuildCommonClasses (36ms)
	RebuildNativeTypeToScriptingClass (10ms)
	initialDomainReloadingComplete (30ms)
	LoadAllAssembliesAndSetupDomain (220ms)
		LoadAssemblies (297ms)
		RebuildTransferFunctionScriptingTraits (0ms)
		AnalyzeDomain (20ms)
			TypeCache.Refresh (9ms)
				TypeCache.ScanAssembly (0ms)
			ScanForSourceGeneratedMonoScriptInfo (0ms)
			ResolveRequiredComponents (9ms)
	FinalizeReload (884ms)
		ReleaseScriptCaches (0ms)
		RebuildScriptCaches (0ms)
		SetupLoadedEditorAssemblies (466ms)
			LogAssemblyErrors (0ms)
			InitializePlatformSupportModulesInManaged (6ms)
			SetLoadedEditorAssemblies (4ms)
			RefreshPlugins (0ms)
			BeforeProcessingInitializeOnLoad (78ms)
			ProcessInitializeOnLoadAttributes (347ms)
			ProcessInitializeOnLoadMethodAttributes (28ms)
			AfterProcessingInitializeOnLoad (4ms)
			EditorAssembliesLoaded (0ms)
		ExecutionOrderSort2 (0ms)
		AwakeInstancesAfterBackupRestoration (6ms)
Refreshing native plugins compatible for Editor in 2.52 ms, found 3 plugins.
Preloading 0 native plugins for Editor in 0.00 ms.
Unloading 3916 Unused Serialized files (Serialized files now loaded: 0)
Unloading 30 unused Assets / (33.9 KB). Loaded Objects now: 4512.
Memory consumption went from 193.5 MB to 193.4 MB.
Total: 2.640600 ms (FindLiveObjects: 0.281900 ms CreateObjectMapping: 0.124600 ms MarkObjects: 2.155300 ms  DeleteObjects: 0.077200 ms)

Prepare: number of updated asset objects reloaded= 0
AssetImportParameters requested are different than current active one (requested -> active):
  custom:container-demuxer-ogg: 62fdf1f143b41e24485cea50d1cbac27 -> 
  custom:video-codec-MediaFoundation-h265: 746d11721c4dcdbdad8f713fa42b33f4 -> 
  custom:video-decoder-ogg-theora: a1e56fd34408186e4bbccfd4996cb3dc -> 
  custom:framework-win-MediaFoundation: 216162199b28c13a410421893ffa2e32 -> 
  custom:CustomObjectIndexerAttribute: 6d391050e5a25f67b0a2c618074f2cd9 -> 
  custom:container-demuxer-webm: 4f35f7cbe854078d1ac9338744f61a02 -> 
  custom:container-muxer-webm: aa71ff27fc2769a1b78a27578f13a17b -> 
  custom:video-decoder-webm-vp8: 9c59270c3fd7afecdb556c50c9e8de78 -> 
  custom:SearchIndexIgnoredProperties: e643bd26f0fe6173181afceb89e7c659 -> 
  custom:AudioImporter_EditorPlatform: d09bf68614088b80899f8185d706f6e7 -> 
  custom:video-encoder-webm-vp8: eb34c28f22e8b96e1ab97ce403110664 -> 
  custom:audio-decoder-ogg-vorbis: bf7c407c2cedff20999df2af8eb42d56 -> 
  custom:audio-encoder-webm-vorbis: bf7c407c2cedff20999df2af8eb42d56 -> 
========================================================================
Received Prepare
Begin MonoManager ReloadAssembly
Symbol file LoadedFromMemory is not a mono symbol file
- Loaded All Assemblies, in  0.581 seconds
Refreshing native plugins compatible for Editor in 3.62 ms, found 3 plugins.
Native extension for WindowsStandalone target not found
Native extension for WebGL target not found
[Package Manager] Server::EnsureServerProcessIsRunning -- launch failed, reason: Unity was launched with the -noUpm command-line argument
[Package Manager] UpmClient::Send -- Unable to send message (not connected to UPM process).
[Package Manager] Cannot connect to Unity Package Manager local server
Mono: successfully reloaded assembly
- Finished resetting the current domain, in  0.905 seconds
Domain Reload Profiling: 1483ms
	BeginReloadAssembly (239ms)
		ExecutionOrderSort (0ms)
		DisableScriptedObjects (17ms)
		BackupInstance (0ms)
		ReleaseScriptingObjects (0ms)
		CreateAndSetChildDomain (72ms)
	RebuildCommonClasses (59ms)
	RebuildNativeTypeToScriptingClass (22ms)
	initialDomainReloadingComplete (62ms)
	LoadAllAssembliesAndSetupDomain (195ms)
		LoadAssemblies (276ms)
		RebuildTransferFunctionScriptingTraits (0ms)
		AnalyzeDomain (14ms)
			TypeCache.Refresh (6ms)
				TypeCache.ScanAssembly (0ms)
			ScanForSourceGeneratedMonoScriptInfo (0ms)
			ResolveRequiredComponents (6ms)
	FinalizeReload (906ms)
		ReleaseScriptCaches (0ms)
		RebuildScriptCaches (0ms)
		SetupLoadedEditorAssemblies (433ms)
			LogAssemblyErrors (0ms)
			InitializePlatformSupportModulesInManaged (7ms)
			SetLoadedEditorAssemblies (3ms)
			RefreshPlugins (0ms)
			BeforeProcessingInitializeOnLoad (62ms)
			ProcessInitializeOnLoadAttributes (332ms)
			ProcessInitializeOnLoadMethodAttributes (24ms)
			AfterProcessingInitializeOnLoad (4ms)
			EditorAssembliesLoaded (0ms)
		ExecutionOrderSort2 (0ms)
		AwakeInstancesAfterBackupRestoration (6ms)
Refreshing native plugins compatible for Editor in 3.20 ms, found 3 plugins.
Preloading 0 native plugins for Editor in 0.00 ms.
Unloading 3916 Unused Serialized files (Serialized files now loaded: 0)
Unloading 30 unused Assets / (33.9 KB). Loaded Objects now: 4515.
Memory consumption went from 195.4 MB to 195.3 MB.
Total: 3.747100 ms (FindLiveObjects: 0.343000 ms CreateObjectMapping: 0.319100 ms MarkObjects: 3.015200 ms  DeleteObjects: 0.068700 ms)

Prepare: number of updated asset objects reloaded= 0
AssetImportParameters requested are different than current active one (requested -> active):
  custom:container-demuxer-ogg: 62fdf1f143b41e24485cea50d1cbac27 -> 
  custom:video-codec-MediaFoundation-h265: 746d11721c4dcdbdad8f713fa42b33f4 -> 
  custom:video-decoder-ogg-theora: a1e56fd34408186e4bbccfd4996cb3dc -> 
  custom:framework-win-MediaFoundation: 216162199b28c13a410421893ffa2e32 -> 
  custom:CustomObjectIndexerAttribute: 6d391050e5a25f67b0a2c618074f2cd9 -> 
  custom:container-demuxer-webm: 4f35f7cbe854078d1ac9338744f61a02 -> 
  custom:container-muxer-webm: aa71ff27fc2769a1b78a27578f13a17b -> 
  custom:video-decoder-webm-vp8: 9c59270c3fd7afecdb556c50c9e8de78 -> 
  custom:SearchIndexIgnoredProperties: e643bd26f0fe6173181afceb89e7c659 -> 
  custom:AudioImporter_EditorPlatform: d09bf68614088b80899f8185d706f6e7 -> 
  custom:video-encoder-webm-vp8: eb34c28f22e8b96e1ab97ce403110664 -> 
  custom:audio-decoder-ogg-vorbis: bf7c407c2cedff20999df2af8eb42d56 -> 
  custom:audio-encoder-webm-vorbis: bf7c407c2cedff20999df2af8eb42d56 -> 
========================================================================
Received Prepare
Refreshing native plugins compatible for Editor in 3.20 ms, found 3 plugins.
Preloading 0 native plugins for Editor in 0.00 ms.
Unloading 0 Unused Serialized files (Serialized files now loaded: 0)
Unloading 0 unused Assets / (0 B). Loaded Objects now: 4515.
Memory consumption went from 135.3 MB to 135.3 MB.
Total: 2.812200 ms (FindLiveObjects: 0.318800 ms CreateObjectMapping: 0.335900 ms MarkObjects: 2.148600 ms  DeleteObjects: 0.008100 ms)

Prepare: number of updated asset objects reloaded= 0
AssetImportParameters requested are different than current active one (requested -> active):
  custom:container-demuxer-ogg: 62fdf1f143b41e24485cea50d1cbac27 -> 
  custom:video-codec-MediaFoundation-h265: 746d11721c4dcdbdad8f713fa42b33f4 -> 
  custom:video-decoder-ogg-theora: a1e56fd34408186e4bbccfd4996cb3dc -> 
  custom:framework-win-MediaFoundation: 216162199b28c13a410421893ffa2e32 -> 
  custom:CustomObjectIndexerAttribute: 6d391050e5a25f67b0a2c618074f2cd9 -> 
  custom:container-demuxer-webm: 4f35f7cbe854078d1ac9338744f61a02 -> 
  custom:container-muxer-webm: aa71ff27fc2769a1b78a27578f13a17b -> 
  custom:video-decoder-webm-vp8: 9c59270c3fd7afecdb556c50c9e8de78 -> 
  custom:SearchIndexIgnoredProperties: e643bd26f0fe6173181afceb89e7c659 -> 
  custom:AudioImporter_EditorPlatform: d09bf68614088b80899f8185d706f6e7 -> 
  custom:video-encoder-webm-vp8: eb34c28f22e8b96e1ab97ce403110664 -> 
  custom:audio-decoder-ogg-vorbis: bf7c407c2cedff20999df2af8eb42d56 -> 
  custom:audio-encoder-webm-vorbis: bf7c407c2cedff20999df2af8eb42d56 -> 
========================================================================
Received Prepare
Begin MonoManager ReloadAssembly
Symbol file LoadedFromMemory is not a mono symbol file
- Loaded All Assemblies, in  0.947 seconds
Refreshing native plugins compatible for Editor in 3.89 ms, found 3 plugins.
Native extension for WindowsStandalone target not found
Native extension for WebGL target not found
[Package Manager] Server::EnsureServerProcessIsRunning -- launch failed, reason: Unity was launched with the -noUpm command-line argument
[Package Manager] UpmClient::Send -- Unable to send message (not connected to UPM process).
[Package Manager] Cannot connect to Unity Package Manager local server
Mono: successfully reloaded assembly
- Finished resetting the current domain, in  1.349 seconds
Domain Reload Profiling: 2294ms
	BeginReloadAssembly (450ms)
		ExecutionOrderSort (0ms)
		DisableScriptedObjects (10ms)
		BackupInstance (0ms)
		ReleaseScriptingObjects (0ms)
		CreateAndSetChildDomain (70ms)
	RebuildCommonClasses (66ms)
	RebuildNativeTypeToScriptingClass (20ms)
	initialDomainReloadingComplete (59ms)
	LoadAllAssembliesAndSetupDomain (350ms)
		LoadAssemblies (572ms)
		RebuildTransferFunctionScriptingTraits (0ms)
		AnalyzeDomain (26ms)
			TypeCache.Refresh (14ms)
				TypeCache.ScanAssembly (0ms)
			ScanForSourceGeneratedMonoScriptInfo (0ms)
			ResolveRequiredComponents (10ms)
	FinalizeReload (1350ms)
		ReleaseScriptCaches (0ms)
		RebuildScriptCaches (0ms)
		SetupLoadedEditorAssemblies (622ms)
			LogAssemblyErrors (0ms)
			InitializePlatformSupportModulesInManaged (11ms)
			SetLoadedEditorAssemblies (6ms)
			RefreshPlugins (0ms)
			BeforeProcessingInitializeOnLoad (89ms)
			ProcessInitializeOnLoadAttributes (470ms)
			ProcessInitializeOnLoadMethodAttributes (37ms)
			AfterProcessingInitializeOnLoad (9ms)
			EditorAssembliesLoaded (0ms)
		ExecutionOrderSort2 (0ms)
		AwakeInstancesAfterBackupRestoration (11ms)
Refreshing native plugins compatible for Editor in 5.64 ms, found 3 plugins.
Preloading 0 native plugins for Editor in 0.00 ms.
Unloading 3916 Unused Serialized files (Serialized files now loaded: 0)
Unloading 30 unused Assets / (35.0 KB). Loaded Objects now: 4518.
Memory consumption went from 197.3 MB to 197.3 MB.
Total: 13.482500 ms (FindLiveObjects: 2.152800 ms CreateObjectMapping: 3.592500 ms MarkObjects: 7.600200 ms  DeleteObjects: 0.134400 ms)

Prepare: number of updated asset objects reloaded= 0
AssetImportParameters requested are different than current active one (requested -> active):
  custom:container-demuxer-ogg: 62fdf1f143b41e24485cea50d1cbac27 -> 
  custom:video-codec-MediaFoundation-h265: 746d11721c4dcdbdad8f713fa42b33f4 -> 
  custom:video-decoder-ogg-theora: a1e56fd34408186e4bbccfd4996cb3dc -> 
  custom:framework-win-MediaFoundation: 216162199b28c13a410421893ffa2e32 -> 
  custom:CustomObjectIndexerAttribute: 6d391050e5a25f67b0a2c618074f2cd9 -> 
  custom:container-demuxer-webm: 4f35f7cbe854078d1ac9338744f61a02 -> 
  custom:container-muxer-webm: aa71ff27fc2769a1b78a27578f13a17b -> 
  custom:video-decoder-webm-vp8: 9c59270c3fd7afecdb556c50c9e8de78 -> 
  custom:SearchIndexIgnoredProperties: e643bd26f0fe6173181afceb89e7c659 -> 
  custom:AudioImporter_EditorPlatform: d09bf68614088b80899f8185d706f6e7 -> 
  custom:video-encoder-webm-vp8: eb34c28f22e8b96e1ab97ce403110664 -> 
  custom:audio-decoder-ogg-vorbis: bf7c407c2cedff20999df2af8eb42d56 -> 
  custom:audio-encoder-webm-vorbis: bf7c407c2cedff20999df2af8eb42d56 -> 
========================================================================
Received Prepare
Refreshing native plugins compatible for Editor in 2.65 ms, found 3 plugins.
Preloading 0 native plugins for Editor in 0.00 ms.
Unloading 0 Unused Serialized files (Serialized files now loaded: 0)
Unloading 0 unused Assets / (0 B). Loaded Objects now: 4518.
Memory consumption went from 137.2 MB to 137.2 MB.
Total: 3.121400 ms (FindLiveObjects: 0.305700 ms CreateObjectMapping: 0.124800 ms MarkObjects: 2.683500 ms  DeleteObjects: 0.006300 ms)

Prepare: number of updated asset objects reloaded= 0
AssetImportParameters requested are different than current active one (requested -> active):
  custom:container-demuxer-ogg: 62fdf1f143b41e24485cea50d1cbac27 -> 
  custom:video-codec-MediaFoundation-h265: 746d11721c4dcdbdad8f713fa42b33f4 -> 
  custom:video-decoder-ogg-theora: a1e56fd34408186e4bbccfd4996cb3dc -> 
  custom:framework-win-MediaFoundation: 216162199b28c13a410421893ffa2e32 -> 
  custom:CustomObjectIndexerAttribute: 6d391050e5a25f67b0a2c618074f2cd9 -> 
  custom:container-demuxer-webm: 4f35f7cbe854078d1ac9338744f61a02 -> 
  custom:container-muxer-webm: aa71ff27fc2769a1b78a27578f13a17b -> 
  custom:video-decoder-webm-vp8: 9c59270c3fd7afecdb556c50c9e8de78 -> 
  custom:SearchIndexIgnoredProperties: e643bd26f0fe6173181afceb89e7c659 -> 
  custom:AudioImporter_EditorPlatform: d09bf68614088b80899f8185d706f6e7 -> 
  custom:video-encoder-webm-vp8: eb34c28f22e8b96e1ab97ce403110664 -> 
  custom:audio-decoder-ogg-vorbis: bf7c407c2cedff20999df2af8eb42d56 -> 
  custom:audio-encoder-webm-vorbis: bf7c407c2cedff20999df2af8eb42d56 -> 
========================================================================
Received Prepare
Begin MonoManager ReloadAssembly
Symbol file LoadedFromMemory is not a mono symbol file
- Loaded All Assemblies, in  0.560 seconds
Refreshing native plugins compatible for Editor in 3.00 ms, found 3 plugins.
Native extension for WindowsStandalone target not found
Native extension for WebGL target not found
[Package Manager] Server::EnsureServerProcessIsRunning -- launch failed, reason: Unity was launched with the -noUpm command-line argument
[Package Manager] UpmClient::Send -- Unable to send message (not connected to UPM process).
[Package Manager] Cannot connect to Unity Package Manager local server
Mono: successfully reloaded assembly
- Finished resetting the current domain, in  0.879 seconds
Domain Reload Profiling: 1437ms
	BeginReloadAssembly (199ms)
		ExecutionOrderSort (0ms)
		DisableScriptedObjects (9ms)
		BackupInstance (0ms)
		ReleaseScriptingObjects (0ms)
		CreateAndSetChildDomain (44ms)
	RebuildCommonClasses (50ms)
	RebuildNativeTypeToScriptingClass (18ms)
	initialDomainReloadingComplete (36ms)
	LoadAllAssembliesAndSetupDomain (254ms)
		LoadAssemblies (334ms)
		RebuildTransferFunctionScriptingTraits (0ms)
		AnalyzeDomain (28ms)
			TypeCache.Refresh (11ms)
				TypeCache.ScanAssembly (1ms)
			ScanForSourceGeneratedMonoScriptInfo (9ms)
			ResolveRequiredComponents (7ms)
	FinalizeReload (879ms)
		ReleaseScriptCaches (0ms)
		RebuildScriptCaches (0ms)
		SetupLoadedEditorAssemblies (417ms)
			LogAssemblyErrors (0ms)
			InitializePlatformSupportModulesInManaged (8ms)
			SetLoadedEditorAssemblies (5ms)
			RefreshPlugins (0ms)
			BeforeProcessingInitializeOnLoad (81ms)
			ProcessInitializeOnLoadAttributes (294ms)
			ProcessInitializeOnLoadMethodAttributes (22ms)
			AfterProcessingInitializeOnLoad (6ms)
			EditorAssembliesLoaded (0ms)
		ExecutionOrderSort2 (0ms)
		AwakeInstancesAfterBackupRestoration (8ms)
Refreshing native plugins compatible for Editor in 3.01 ms, found 3 plugins.
Preloading 0 native plugins for Editor in 0.00 ms.
Unloading 3916 Unused Serialized files (Serialized files now loaded: 0)
Unloading 30 unused Assets / (34.0 KB). Loaded Objects now: 4521.
Memory consumption went from 199.2 MB to 199.2 MB.
Total: 2.483400 ms (FindLiveObjects: 0.266600 ms CreateObjectMapping: 0.110400 ms MarkObjects: 2.060800 ms  DeleteObjects: 0.044600 ms)

Prepare: number of updated asset objects reloaded= 0
AssetImportParameters requested are different than current active one (requested -> active):
  custom:container-demuxer-ogg: 62fdf1f143b41e24485cea50d1cbac27 -> 
  custom:video-codec-MediaFoundation-h265: 746d11721c4dcdbdad8f713fa42b33f4 -> 
  custom:video-decoder-ogg-theora: a1e56fd34408186e4bbccfd4996cb3dc -> 
  custom:framework-win-MediaFoundation: 216162199b28c13a410421893ffa2e32 -> 
  custom:CustomObjectIndexerAttribute: 6d391050e5a25f67b0a2c618074f2cd9 -> 
  custom:container-demuxer-webm: 4f35f7cbe854078d1ac9338744f61a02 -> 
  custom:container-muxer-webm: aa71ff27fc2769a1b78a27578f13a17b -> 
  custom:video-decoder-webm-vp8: 9c59270c3fd7afecdb556c50c9e8de78 -> 
  custom:SearchIndexIgnoredProperties: e643bd26f0fe6173181afceb89e7c659 -> 
  custom:AudioImporter_EditorPlatform: d09bf68614088b80899f8185d706f6e7 -> 
  custom:video-encoder-webm-vp8: eb34c28f22e8b96e1ab97ce403110664 -> 
  custom:audio-decoder-ogg-vorbis: bf7c407c2cedff20999df2af8eb42d56 -> 
  custom:audio-encoder-webm-vorbis: bf7c407c2cedff20999df2af8eb42d56 -> 
========================================================================
Received Prepare
Begin MonoManager ReloadAssembly
Symbol file LoadedFromMemory is not a mono symbol file
- Loaded All Assemblies, in  0.417 seconds
Refreshing native plugins compatible for Editor in 4.01 ms, found 3 plugins.
Native extension for WindowsStandalone target not found
Native extension for WebGL target not found
[Package Manager] Server::EnsureServerProcessIsRunning -- launch failed, reason: Unity was launched with the -noUpm command-line argument
[Package Manager] UpmClient::Send -- Unable to send message (not connected to UPM process).
[Package Manager] Cannot connect to Unity Package Manager local server
Mono: successfully reloaded assembly
- Finished resetting the current domain, in  0.817 seconds
Domain Reload Profiling: 1233ms
	BeginReloadAssembly (140ms)
		ExecutionOrderSort (0ms)
		DisableScriptedObjects (4ms)
		BackupInstance (0ms)
		ReleaseScriptingObjects (0ms)
		CreateAndSetChildDomain (38ms)
	RebuildCommonClasses (30ms)
	RebuildNativeTypeToScriptingClass (10ms)
	initialDomainReloadingComplete (26ms)
	LoadAllAssembliesAndSetupDomain (210ms)
		LoadAssemblies (253ms)
		RebuildTransferFunctionScriptingTraits (0ms)
		AnalyzeDomain (22ms)
			TypeCache.Refresh (7ms)
				TypeCache.ScanAssembly (0ms)
			ScanForSourceGeneratedMonoScriptInfo (0ms)
			ResolveRequiredComponents (13ms)
	FinalizeReload (817ms)
		ReleaseScriptCaches (0ms)
		RebuildScriptCaches (0ms)
		SetupLoadedEditorAssemblies (451ms)
			LogAssemblyErrors (0ms)
			InitializePlatformSupportModulesInManaged (8ms)
			SetLoadedEditorAssemblies (5ms)
			RefreshPlugins (0ms)
			BeforeProcessingInitializeOnLoad (64ms)
			ProcessInitializeOnLoadAttributes (337ms)
			ProcessInitializeOnLoadMethodAttributes (30ms)
			AfterProcessingInitializeOnLoad (7ms)
			EditorAssembliesLoaded (0ms)
		ExecutionOrderSort2 (0ms)
		AwakeInstancesAfterBackupRestoration (6ms)
Refreshing native plugins compatible for Editor in 5.36 ms, found 3 plugins.
Preloading 0 native plugins for Editor in 0.00 ms.
Unloading 3916 Unused Serialized files (Serialized files now loaded: 0)
Unloading 30 unused Assets / (34.1 KB). Loaded Objects now: 4524.
Memory consumption went from 201.1 MB to 201.1 MB.
Total: 2.481200 ms (FindLiveObjects: 0.284000 ms CreateObjectMapping: 0.132000 ms MarkObjects: 2.014100 ms  DeleteObjects: 0.049800 ms)

Prepare: number of updated asset objects reloaded= 0
AssetImportParameters requested are different than current active one (requested -> active):
  custom:container-demuxer-ogg: 62fdf1f143b41e24485cea50d1cbac27 -> 
  custom:video-codec-MediaFoundation-h265: 746d11721c4dcdbdad8f713fa42b33f4 -> 
  custom:video-decoder-ogg-theora: a1e56fd34408186e4bbccfd4996cb3dc -> 
  custom:framework-win-MediaFoundation: 216162199b28c13a410421893ffa2e32 -> 
  custom:CustomObjectIndexerAttribute: 6d391050e5a25f67b0a2c618074f2cd9 -> 
  custom:container-demuxer-webm: 4f35f7cbe854078d1ac9338744f61a02 -> 
  custom:container-muxer-webm: aa71ff27fc2769a1b78a27578f13a17b -> 
  custom:video-decoder-webm-vp8: 9c59270c3fd7afecdb556c50c9e8de78 -> 
  custom:SearchIndexIgnoredProperties: e643bd26f0fe6173181afceb89e7c659 -> 
  custom:AudioImporter_EditorPlatform: d09bf68614088b80899f8185d706f6e7 -> 
  custom:video-encoder-webm-vp8: eb34c28f22e8b96e1ab97ce403110664 -> 
  custom:audio-decoder-ogg-vorbis: bf7c407c2cedff20999df2af8eb42d56 -> 
  custom:audio-encoder-webm-vorbis: bf7c407c2cedff20999df2af8eb42d56 -> 
========================================================================
Received Prepare
Refreshing native plugins compatible for Editor in 3.18 ms, found 3 plugins.
Preloading 0 native plugins for Editor in 0.00 ms.
Unloading 0 Unused Serialized files (Serialized files now loaded: 0)
Unloading 0 unused Assets / (0 B). Loaded Objects now: 4524.
Memory consumption went from 141.0 MB to 141.0 MB.
Total: 4.089500 ms (FindLiveObjects: 0.327500 ms CreateObjectMapping: 0.137500 ms MarkObjects: 3.604100 ms  DeleteObjects: 0.019100 ms)

Prepare: number of updated asset objects reloaded= 0
AssetImportParameters requested are different than current active one (requested -> active):
  custom:container-demuxer-ogg: 62fdf1f143b41e24485cea50d1cbac27 -> 
  custom:video-codec-MediaFoundation-h265: 746d11721c4dcdbdad8f713fa42b33f4 -> 
  custom:video-decoder-ogg-theora: a1e56fd34408186e4bbccfd4996cb3dc -> 
  custom:framework-win-MediaFoundation: 216162199b28c13a410421893ffa2e32 -> 
  custom:CustomObjectIndexerAttribute: 6d391050e5a25f67b0a2c618074f2cd9 -> 
  custom:container-demuxer-webm: 4f35f7cbe854078d1ac9338744f61a02 -> 
  custom:container-muxer-webm: aa71ff27fc2769a1b78a27578f13a17b -> 
  custom:video-decoder-webm-vp8: 9c59270c3fd7afecdb556c50c9e8de78 -> 
  custom:SearchIndexIgnoredProperties: e643bd26f0fe6173181afceb89e7c659 -> 
  custom:AudioImporter_EditorPlatform: d09bf68614088b80899f8185d706f6e7 -> 
  custom:video-encoder-webm-vp8: eb34c28f22e8b96e1ab97ce403110664 -> 
  custom:audio-decoder-ogg-vorbis: bf7c407c2cedff20999df2af8eb42d56 -> 
  custom:audio-encoder-webm-vorbis: bf7c407c2cedff20999df2af8eb42d56 -> 
========================================================================
Received Prepare
Begin MonoManager ReloadAssembly
Symbol file LoadedFromMemory is not a mono symbol file
- Loaded All Assemblies, in  0.455 seconds
Refreshing native plugins compatible for Editor in 3.73 ms, found 3 plugins.
Native extension for WindowsStandalone target not found
Native extension for WebGL target not found
[Package Manager] Server::EnsureServerProcessIsRunning -- launch failed, reason: Unity was launched with the -noUpm command-line argument
[Package Manager] UpmClient::Send -- Unable to send message (not connected to UPM process).
[Package Manager] Cannot connect to Unity Package Manager local server
Mono: successfully reloaded assembly
- Finished resetting the current domain, in  0.969 seconds
Domain Reload Profiling: 1422ms
	BeginReloadAssembly (157ms)
		ExecutionOrderSort (0ms)
		DisableScriptedObjects (6ms)
		BackupInstance (0ms)
		ReleaseScriptingObjects (0ms)
		CreateAndSetChildDomain (34ms)
	RebuildCommonClasses (37ms)
	RebuildNativeTypeToScriptingClass (12ms)
	initialDomainReloadingComplete (28ms)
	LoadAllAssembliesAndSetupDomain (220ms)
		LoadAssemblies (283ms)
		RebuildTransferFunctionScriptingTraits (0ms)
		AnalyzeDomain (18ms)
			TypeCache.Refresh (9ms)
				TypeCache.ScanAssembly (0ms)
			ScanForSourceGeneratedMonoScriptInfo (0ms)
			ResolveRequiredComponents (7ms)
	FinalizeReload (969ms)
		ReleaseScriptCaches (0ms)
		RebuildScriptCaches (0ms)
		SetupLoadedEditorAssemblies (440ms)
			LogAssemblyErrors (0ms)
			InitializePlatformSupportModulesInManaged (6ms)
			SetLoadedEditorAssemblies (3ms)
			RefreshPlugins (0ms)
			BeforeProcessingInitializeOnLoad (79ms)
			ProcessInitializeOnLoadAttributes (317ms)
			ProcessInitializeOnLoadMethodAttributes (28ms)
			AfterProcessingInitializeOnLoad (6ms)
			EditorAssembliesLoaded (0ms)
		ExecutionOrderSort2 (0ms)
		AwakeInstancesAfterBackupRestoration (10ms)
Refreshing native plugins compatible for Editor in 4.03 ms, found 3 plugins.
Preloading 0 native plugins for Editor in 0.00 ms.
Unloading 3916 Unused Serialized files (Serialized files now loaded: 0)
Unloading 30 unused Assets / (33.8 KB). Loaded Objects now: 4527.
Memory consumption went from 203.1 MB to 203.0 MB.
Total: 2.879000 ms (FindLiveObjects: 0.283900 ms CreateObjectMapping: 0.315700 ms MarkObjects: 2.225900 ms  DeleteObjects: 0.052500 ms)

Prepare: number of updated asset objects reloaded= 0
AssetImportParameters requested are different than current active one (requested -> active):
  custom:container-demuxer-ogg: 62fdf1f143b41e24485cea50d1cbac27 -> 
  custom:video-codec-MediaFoundation-h265: 746d11721c4dcdbdad8f713fa42b33f4 -> 
  custom:video-decoder-ogg-theora: a1e56fd34408186e4bbccfd4996cb3dc -> 
  custom:framework-win-MediaFoundation: 216162199b28c13a410421893ffa2e32 -> 
  custom:CustomObjectIndexerAttribute: 6d391050e5a25f67b0a2c618074f2cd9 -> 
  custom:container-demuxer-webm: 4f35f7cbe854078d1ac9338744f61a02 -> 
  custom:container-muxer-webm: aa71ff27fc2769a1b78a27578f13a17b -> 
  custom:video-decoder-webm-vp8: 9c59270c3fd7afecdb556c50c9e8de78 -> 
  custom:SearchIndexIgnoredProperties: e643bd26f0fe6173181afceb89e7c659 -> 
  custom:AudioImporter_EditorPlatform: d09bf68614088b80899f8185d706f6e7 -> 
  custom:video-encoder-webm-vp8: eb34c28f22e8b96e1ab97ce403110664 -> 
  custom:audio-decoder-ogg-vorbis: bf7c407c2cedff20999df2af8eb42d56 -> 
  custom:audio-encoder-webm-vorbis: bf7c407c2cedff20999df2af8eb42d56 -> 
========================================================================
Received Prepare
Begin MonoManager ReloadAssembly
Symbol file LoadedFromMemory is not a mono symbol file
- Loaded All Assemblies, in  0.535 seconds
Refreshing native plugins compatible for Editor in 4.01 ms, found 3 plugins.
Native extension for WindowsStandalone target not found
Native extension for WebGL target not found
[Package Manager] Server::EnsureServerProcessIsRunning -- launch failed, reason: Unity was launched with the -noUpm command-line argument
[Package Manager] UpmClient::Send -- Unable to send message (not connected to UPM process).
[Package Manager] Cannot connect to Unity Package Manager local server
Mono: successfully reloaded assembly
- Finished resetting the current domain, in  0.803 seconds
Domain Reload Profiling: 1336ms
	BeginReloadAssembly (194ms)
		ExecutionOrderSort (0ms)
		DisableScriptedObjects (6ms)
		BackupInstance (0ms)
		ReleaseScriptingObjects (0ms)
		CreateAndSetChildDomain (42ms)
	RebuildCommonClasses (53ms)
	RebuildNativeTypeToScriptingClass (11ms)
	initialDomainReloadingComplete (35ms)
	LoadAllAssembliesAndSetupDomain (239ms)
		LoadAssemblies (325ms)
		RebuildTransferFunctionScriptingTraits (0ms)
		AnalyzeDomain (23ms)
			TypeCache.Refresh (9ms)
				TypeCache.ScanAssembly (1ms)
			ScanForSourceGeneratedMonoScriptInfo (7ms)
			ResolveRequiredComponents (5ms)
	FinalizeReload (803ms)
		ReleaseScriptCaches (0ms)
		RebuildScriptCaches (0ms)
		SetupLoadedEditorAssemblies (386ms)
			LogAssemblyErrors (0ms)
			InitializePlatformSupportModulesInManaged (7ms)
			SetLoadedEditorAssemblies (3ms)
			RefreshPlugins (0ms)
			BeforeProcessingInitializeOnLoad (63ms)
			ProcessInitializeOnLoadAttributes (282ms)
			ProcessInitializeOnLoadMethodAttributes (27ms)
			AfterProcessingInitializeOnLoad (5ms)
			EditorAssembliesLoaded (0ms)
		ExecutionOrderSort2 (0ms)
		AwakeInstancesAfterBackupRestoration (9ms)
Refreshing native plugins compatible for Editor in 2.56 ms, found 3 plugins.
Preloading 0 native plugins for Editor in 0.00 ms.
Unloading 3916 Unused Serialized files (Serialized files now loaded: 0)
Unloading 30 unused Assets / (33.9 KB). Loaded Objects now: 4530.
Memory consumption went from 205.0 MB to 204.9 MB.
Total: 2.540300 ms (FindLiveObjects: 0.294600 ms CreateObjectMapping: 0.092900 ms MarkObjects: 2.105300 ms  DeleteObjects: 0.046500 ms)

Prepare: number of updated asset objects reloaded= 0
AssetImportParameters requested are different than current active one (requested -> active):
  custom:container-demuxer-ogg: 62fdf1f143b41e24485cea50d1cbac27 -> 
  custom:video-codec-MediaFoundation-h265: 746d11721c4dcdbdad8f713fa42b33f4 -> 
  custom:video-decoder-ogg-theora: a1e56fd34408186e4bbccfd4996cb3dc -> 
  custom:framework-win-MediaFoundation: 216162199b28c13a410421893ffa2e32 -> 
  custom:CustomObjectIndexerAttribute: 6d391050e5a25f67b0a2c618074f2cd9 -> 
  custom:container-demuxer-webm: 4f35f7cbe854078d1ac9338744f61a02 -> 
  custom:container-muxer-webm: aa71ff27fc2769a1b78a27578f13a17b -> 
  custom:video-decoder-webm-vp8: 9c59270c3fd7afecdb556c50c9e8de78 -> 
  custom:SearchIndexIgnoredProperties: e643bd26f0fe6173181afceb89e7c659 -> 
  custom:AudioImporter_EditorPlatform: d09bf68614088b80899f8185d706f6e7 -> 
  custom:video-encoder-webm-vp8: eb34c28f22e8b96e1ab97ce403110664 -> 
  custom:audio-decoder-ogg-vorbis: bf7c407c2cedff20999df2af8eb42d56 -> 
  custom:audio-encoder-webm-vorbis: bf7c407c2cedff20999df2af8eb42d56 -> 
========================================================================
Received Prepare
Begin MonoManager ReloadAssembly
Symbol file LoadedFromMemory is not a mono symbol file
- Loaded All Assemblies, in  0.411 seconds
Refreshing native plugins compatible for Editor in 4.51 ms, found 3 plugins.
Native extension for WindowsStandalone target not found
Native extension for WebGL target not found
[Package Manager] Server::EnsureServerProcessIsRunning -- launch failed, reason: Unity was launched with the -noUpm command-line argument
[Package Manager] UpmClient::Send -- Unable to send message (not connected to UPM process).
[Package Manager] Cannot connect to Unity Package Manager local server
Mono: successfully reloaded assembly
- Finished resetting the current domain, in  0.833 seconds
Domain Reload Profiling: 1242ms
	BeginReloadAssembly (138ms)
		ExecutionOrderSort (0ms)
		DisableScriptedObjects (4ms)
		BackupInstance (0ms)
		ReleaseScriptingObjects (0ms)
		CreateAndSetChildDomain (28ms)
	RebuildCommonClasses (35ms)
	RebuildNativeTypeToScriptingClass (9ms)
	initialDomainReloadingComplete (23ms)
	LoadAllAssembliesAndSetupDomain (203ms)
		LoadAssemblies (257ms)
		RebuildTransferFunctionScriptingTraits (0ms)
		AnalyzeDomain (18ms)
			TypeCache.Refresh (7ms)
				TypeCache.ScanAssembly (0ms)
			ScanForSourceGeneratedMonoScriptInfo (0ms)
			ResolveRequiredComponents (9ms)
	FinalizeReload (833ms)
		ReleaseScriptCaches (0ms)
		RebuildScriptCaches (0ms)
		SetupLoadedEditorAssemblies (366ms)
			LogAssemblyErrors (0ms)
			InitializePlatformSupportModulesInManaged (8ms)
			SetLoadedEditorAssemblies (4ms)
			RefreshPlugins (0ms)
			BeforeProcessingInitializeOnLoad (57ms)
			ProcessInitializeOnLoadAttributes (269ms)
			ProcessInitializeOnLoadMethodAttributes (22ms)
			AfterProcessingInitializeOnLoad (5ms)
			EditorAssembliesLoaded (0ms)
		ExecutionOrderSort2 (0ms)
		AwakeInstancesAfterBackupRestoration (8ms)
Refreshing native plugins compatible for Editor in 4.60 ms, found 3 plugins.
Preloading 0 native plugins for Editor in 0.00 ms.
Unloading 3916 Unused Serialized files (Serialized files now loaded: 0)
Unloading 30 unused Assets / (33.9 KB). Loaded Objects now: 4533.
Memory consumption went from 206.9 MB to 206.9 MB.
Total: 2.473400 ms (FindLiveObjects: 0.280900 ms CreateObjectMapping: 0.121100 ms MarkObjects: 2.018100 ms  DeleteObjects: 0.052300 ms)

Prepare: number of updated asset objects reloaded= 0
AssetImportParameters requested are different than current active one (requested -> active):
  custom:container-demuxer-ogg: 62fdf1f143b41e24485cea50d1cbac27 -> 
  custom:video-codec-MediaFoundation-h265: 746d11721c4dcdbdad8f713fa42b33f4 -> 
  custom:video-decoder-ogg-theora: a1e56fd34408186e4bbccfd4996cb3dc -> 
  custom:framework-win-MediaFoundation: 216162199b28c13a410421893ffa2e32 -> 
  custom:CustomObjectIndexerAttribute: 6d391050e5a25f67b0a2c618074f2cd9 -> 
  custom:container-demuxer-webm: 4f35f7cbe854078d1ac9338744f61a02 -> 
  custom:container-muxer-webm: aa71ff27fc2769a1b78a27578f13a17b -> 
  custom:video-decoder-webm-vp8: 9c59270c3fd7afecdb556c50c9e8de78 -> 
  custom:SearchIndexIgnoredProperties: e643bd26f0fe6173181afceb89e7c659 -> 
  custom:AudioImporter_EditorPlatform: d09bf68614088b80899f8185d706f6e7 -> 
  custom:video-encoder-webm-vp8: eb34c28f22e8b96e1ab97ce403110664 -> 
  custom:audio-decoder-ogg-vorbis: bf7c407c2cedff20999df2af8eb42d56 -> 
  custom:audio-encoder-webm-vorbis: bf7c407c2cedff20999df2af8eb42d56 -> 
========================================================================
Received Prepare
Begin MonoManager ReloadAssembly
Symbol file LoadedFromMemory is not a mono symbol file
- Loaded All Assemblies, in  0.817 seconds
Refreshing native plugins compatible for Editor in 4.45 ms, found 3 plugins.
Native extension for WindowsStandalone target not found
Native extension for WebGL target not found
[Package Manager] Server::EnsureServerProcessIsRunning -- launch failed, reason: Unity was launched with the -noUpm command-line argument
[Package Manager] UpmClient::Send -- Unable to send message (not connected to UPM process).
[Package Manager] Cannot connect to Unity Package Manager local server
Mono: successfully reloaded assembly
- Finished resetting the current domain, in  1.757 seconds
Domain Reload Profiling: 2570ms
	BeginReloadAssembly (291ms)
		ExecutionOrderSort (0ms)
		DisableScriptedObjects (24ms)
		BackupInstance (0ms)
		ReleaseScriptingObjects (0ms)
		CreateAndSetChildDomain (63ms)
	RebuildCommonClasses (50ms)
	RebuildNativeTypeToScriptingClass (20ms)
	initialDomainReloadingComplete (49ms)
	LoadAllAssembliesAndSetupDomain (402ms)
		LoadAssemblies (496ms)
		RebuildTransferFunctionScriptingTraits (0ms)
		AnalyzeDomain (53ms)
			TypeCache.Refresh (28ms)
				TypeCache.ScanAssembly (2ms)
			ScanForSourceGeneratedMonoScriptInfo (13ms)
			ResolveRequiredComponents (9ms)
	FinalizeReload (1758ms)
		ReleaseScriptCaches (0ms)
		RebuildScriptCaches (0ms)
		SetupLoadedEditorAssemblies (543ms)
			LogAssemblyErrors (0ms)
			InitializePlatformSupportModulesInManaged (11ms)
			SetLoadedEditorAssemblies (6ms)
			RefreshPlugins (0ms)
			BeforeProcessingInitializeOnLoad (109ms)
			ProcessInitializeOnLoadAttributes (382ms)
			ProcessInitializeOnLoadMethodAttributes (31ms)
			AfterProcessingInitializeOnLoad (4ms)
			EditorAssembliesLoaded (0ms)
		ExecutionOrderSort2 (0ms)
		AwakeInstancesAfterBackupRestoration (5ms)
Refreshing native plugins compatible for Editor in 6.29 ms, found 3 plugins.
Preloading 0 native plugins for Editor in 0.00 ms.
Unloading 3916 Unused Serialized files (Serialized files now loaded: 0)
Unloading 30 unused Assets / (34.0 KB). Loaded Objects now: 4536.
Memory consumption went from 208.8 MB to 208.8 MB.
Total: 4.296100 ms (FindLiveObjects: 0.393000 ms CreateObjectMapping: 0.409000 ms MarkObjects: 3.381600 ms  DeleteObjects: 0.111200 ms)

Prepare: number of updated asset objects reloaded= 0
AssetImportParameters requested are different than current active one (requested -> active):
  custom:container-demuxer-ogg: 62fdf1f143b41e24485cea50d1cbac27 -> 
  custom:video-codec-MediaFoundation-h265: 746d11721c4dcdbdad8f713fa42b33f4 -> 
  custom:video-decoder-ogg-theora: a1e56fd34408186e4bbccfd4996cb3dc -> 
  custom:framework-win-MediaFoundation: 216162199b28c13a410421893ffa2e32 -> 
  custom:CustomObjectIndexerAttribute: 6d391050e5a25f67b0a2c618074f2cd9 -> 
  custom:container-demuxer-webm: 4f35f7cbe854078d1ac9338744f61a02 -> 
  custom:container-muxer-webm: aa71ff27fc2769a1b78a27578f13a17b -> 
  custom:video-decoder-webm-vp8: 9c59270c3fd7afecdb556c50c9e8de78 -> 
  custom:SearchIndexIgnoredProperties: e643bd26f0fe6173181afceb89e7c659 -> 
  custom:AudioImporter_EditorPlatform: d09bf68614088b80899f8185d706f6e7 -> 
  custom:video-encoder-webm-vp8: eb34c28f22e8b96e1ab97ce403110664 -> 
  custom:audio-decoder-ogg-vorbis: bf7c407c2cedff20999df2af8eb42d56 -> 
  custom:audio-encoder-webm-vorbis: bf7c407c2cedff20999df2af8eb42d56 -> 
========================================================================
Received Prepare
Begin MonoManager ReloadAssembly
Symbol file LoadedFromMemory is not a mono symbol file
- Loaded All Assemblies, in  0.582 seconds
Refreshing native plugins compatible for Editor in 5.39 ms, found 3 plugins.
Native extension for WindowsStandalone target not found
Native extension for WebGL target not found
[Package Manager] Server::EnsureServerProcessIsRunning -- launch failed, reason: Unity was launched with the -noUpm command-line argument
[Package Manager] UpmClient::Send -- Unable to send message (not connected to UPM process).
[Package Manager] Cannot connect to Unity Package Manager local server
Mono: successfully reloaded assembly
- Finished resetting the current domain, in  0.923 seconds
Domain Reload Profiling: 1501ms
	BeginReloadAssembly (222ms)
		ExecutionOrderSort (0ms)
		DisableScriptedObjects (7ms)
		BackupInstance (0ms)
		ReleaseScriptingObjects (0ms)
		CreateAndSetChildDomain (56ms)
	RebuildCommonClasses (46ms)
	RebuildNativeTypeToScriptingClass (14ms)
	initialDomainReloadingComplete (34ms)
	LoadAllAssembliesAndSetupDomain (262ms)
		LoadAssemblies (353ms)
		RebuildTransferFunctionScriptingTraits (0ms)
		AnalyzeDomain (30ms)
			TypeCache.Refresh (12ms)
				TypeCache.ScanAssembly (1ms)
			ScanForSourceGeneratedMonoScriptInfo (8ms)
			ResolveRequiredComponents (8ms)
	FinalizeReload (923ms)
		ReleaseScriptCaches (0ms)
		RebuildScriptCaches (0ms)
		SetupLoadedEditorAssemblies (431ms)
			LogAssemblyErrors (0ms)
			InitializePlatformSupportModulesInManaged (6ms)
			SetLoadedEditorAssemblies (4ms)
			RefreshPlugins (0ms)
			BeforeProcessingInitializeOnLoad (71ms)
			ProcessInitializeOnLoadAttributes (319ms)
			ProcessInitializeOnLoadMethodAttributes (26ms)
			AfterProcessingInitializeOnLoad (5ms)
			EditorAssembliesLoaded (0ms)
		ExecutionOrderSort2 (0ms)
		AwakeInstancesAfterBackupRestoration (8ms)
Refreshing native plugins compatible for Editor in 3.42 ms, found 3 plugins.
Preloading 0 native plugins for Editor in 0.00 ms.
Unloading 3916 Unused Serialized files (Serialized files now loaded: 0)
Unloading 30 unused Assets / (34.1 KB). Loaded Objects now: 4539.
Memory consumption went from 210.7 MB to 210.7 MB.
Total: 2.660000 ms (FindLiveObjects: 0.413000 ms CreateObjectMapping: 0.122500 ms MarkObjects: 2.077000 ms  DeleteObjects: 0.046600 ms)

Prepare: number of updated asset objects reloaded= 0
AssetImportParameters requested are different than current active one (requested -> active):
  custom:container-demuxer-ogg: 62fdf1f143b41e24485cea50d1cbac27 -> 
  custom:video-codec-MediaFoundation-h265: 746d11721c4dcdbdad8f713fa42b33f4 -> 
  custom:video-decoder-ogg-theora: a1e56fd34408186e4bbccfd4996cb3dc -> 
  custom:framework-win-MediaFoundation: 216162199b28c13a410421893ffa2e32 -> 
  custom:CustomObjectIndexerAttribute: 6d391050e5a25f67b0a2c618074f2cd9 -> 
  custom:container-demuxer-webm: 4f35f7cbe854078d1ac9338744f61a02 -> 
  custom:container-muxer-webm: aa71ff27fc2769a1b78a27578f13a17b -> 
  custom:video-decoder-webm-vp8: 9c59270c3fd7afecdb556c50c9e8de78 -> 
  custom:SearchIndexIgnoredProperties: e643bd26f0fe6173181afceb89e7c659 -> 
  custom:AudioImporter_EditorPlatform: d09bf68614088b80899f8185d706f6e7 -> 
  custom:video-encoder-webm-vp8: eb34c28f22e8b96e1ab97ce403110664 -> 
  custom:audio-decoder-ogg-vorbis: bf7c407c2cedff20999df2af8eb42d56 -> 
  custom:audio-encoder-webm-vorbis: bf7c407c2cedff20999df2af8eb42d56 -> 
========================================================================
Received Import Request.
  Time since last request: 5954.913892 seconds.
  path: Assets/Prefabs/ENSIT.prefab
  artifactKey: Guid(bd30b5642d4193f45b60df5b507c813a) Importer(815301076,1909f56bfc062723c751e8b465ee728b)
Start importing Assets/Prefabs/ENSIT.prefab using Guid(bd30b5642d4193f45b60df5b507c813a) Importer(815301076,1909f56bfc062723c751e8b465ee728b)  -> (artifact id: 'cf44b463dc1a24a07fa972abd076cda1') in 0.896366 seconds
Number of updated asset objects reloaded before import = 0
Number of asset objects unloaded after import = 6445
========================================================================
Received Prepare
Begin MonoManager ReloadAssembly
Symbol file LoadedFromMemory is not a mono symbol file
- Loaded All Assemblies, in  0.553 seconds
Refreshing native plugins compatible for Editor in 4.67 ms, found 3 plugins.
Native extension for WindowsStandalone target not found
Native extension for WebGL target not found
[Package Manager] Server::EnsureServerProcessIsRunning -- launch failed, reason: Unity was launched with the -noUpm command-line argument
[Package Manager] UpmClient::Send -- Unable to send message (not connected to UPM process).
[Package Manager] Cannot connect to Unity Package Manager local server
Mono: successfully reloaded assembly
- Finished resetting the current domain, in  1.034 seconds
Domain Reload Profiling: 1586ms
	BeginReloadAssembly (182ms)
		ExecutionOrderSort (0ms)
		DisableScriptedObjects (5ms)
		BackupInstance (0ms)
		ReleaseScriptingObjects (0ms)
		CreateAndSetChildDomain (41ms)
	RebuildCommonClasses (46ms)
	RebuildNativeTypeToScriptingClass (15ms)
	initialDomainReloadingComplete (37ms)
	LoadAllAssembliesAndSetupDomain (271ms)
		LoadAssemblies (358ms)
		RebuildTransferFunctionScriptingTraits (0ms)
		AnalyzeDomain (20ms)
			TypeCache.Refresh (7ms)
				TypeCache.ScanAssembly (0ms)
			ScanForSourceGeneratedMonoScriptInfo (0ms)
			ResolveRequiredComponents (10ms)
	FinalizeReload (1035ms)
		ReleaseScriptCaches (0ms)
		RebuildScriptCaches (0ms)
		SetupLoadedEditorAssemblies (521ms)
			LogAssemblyErrors (0ms)
			InitializePlatformSupportModulesInManaged (9ms)
			SetLoadedEditorAssemblies (5ms)
			RefreshPlugins (0ms)
			BeforeProcessingInitializeOnLoad (74ms)
			ProcessInitializeOnLoadAttributes (390ms)
			ProcessInitializeOnLoadMethodAttributes (38ms)
			AfterProcessingInitializeOnLoad (4ms)
			EditorAssembliesLoaded (0ms)
		ExecutionOrderSort2 (0ms)
		AwakeInstancesAfterBackupRestoration (8ms)
Refreshing native plugins compatible for Editor in 3.86 ms, found 3 plugins.
Preloading 0 native plugins for Editor in 0.00 ms.
Unloading 3916 Unused Serialized files (Serialized files now loaded: 0)
Unloading 30 unused Assets / (34.0 KB). Loaded Objects now: 4542.
Memory consumption went from 212.7 MB to 212.6 MB.
Total: 2.607200 ms (FindLiveObjects: 0.307900 ms CreateObjectMapping: 0.144700 ms MarkObjects: 2.065700 ms  DeleteObjects: 0.087500 ms)

Prepare: number of updated asset objects reloaded= 0
AssetImportParameters requested are different than current active one (requested -> active):
  custom:container-demuxer-ogg: 62fdf1f143b41e24485cea50d1cbac27 -> 
  custom:video-codec-MediaFoundation-h265: 746d11721c4dcdbdad8f713fa42b33f4 -> 
  custom:video-decoder-ogg-theora: a1e56fd34408186e4bbccfd4996cb3dc -> 
  custom:framework-win-MediaFoundation: 216162199b28c13a410421893ffa2e32 -> 
  custom:CustomObjectIndexerAttribute: 6d391050e5a25f67b0a2c618074f2cd9 -> 
  custom:container-demuxer-webm: 4f35f7cbe854078d1ac9338744f61a02 -> 
  custom:container-muxer-webm: aa71ff27fc2769a1b78a27578f13a17b -> 
  custom:video-decoder-webm-vp8: 9c59270c3fd7afecdb556c50c9e8de78 -> 
  custom:SearchIndexIgnoredProperties: e643bd26f0fe6173181afceb89e7c659 -> 
  custom:AudioImporter_EditorPlatform: d09bf68614088b80899f8185d706f6e7 -> 
  custom:video-encoder-webm-vp8: eb34c28f22e8b96e1ab97ce403110664 -> 
  custom:audio-decoder-ogg-vorbis: bf7c407c2cedff20999df2af8eb42d56 -> 
  custom:audio-encoder-webm-vorbis: bf7c407c2cedff20999df2af8eb42d56 -> 
========================================================================
Received Prepare
Refreshing native plugins compatible for Editor in 3.97 ms, found 3 plugins.
Preloading 0 native plugins for Editor in 0.00 ms.
Unloading 0 Unused Serialized files (Serialized files now loaded: 0)
Unloading 0 unused Assets / (0 B). Loaded Objects now: 4542.
Memory consumption went from 152.5 MB to 152.5 MB.
Total: 2.705400 ms (FindLiveObjects: 0.287200 ms CreateObjectMapping: 0.138100 ms MarkObjects: 2.269500 ms  DeleteObjects: 0.009700 ms)

Prepare: number of updated asset objects reloaded= 0
AssetImportParameters requested are different than current active one (requested -> active):
  custom:container-demuxer-ogg: 62fdf1f143b41e24485cea50d1cbac27 -> 
  custom:video-codec-MediaFoundation-h265: 746d11721c4dcdbdad8f713fa42b33f4 -> 
  custom:video-decoder-ogg-theora: a1e56fd34408186e4bbccfd4996cb3dc -> 
  custom:framework-win-MediaFoundation: 216162199b28c13a410421893ffa2e32 -> 
  custom:CustomObjectIndexerAttribute: 6d391050e5a25f67b0a2c618074f2cd9 -> 
  custom:container-demuxer-webm: 4f35f7cbe854078d1ac9338744f61a02 -> 
  custom:container-muxer-webm: aa71ff27fc2769a1b78a27578f13a17b -> 
  custom:video-decoder-webm-vp8: 9c59270c3fd7afecdb556c50c9e8de78 -> 
  custom:SearchIndexIgnoredProperties: e643bd26f0fe6173181afceb89e7c659 -> 
  custom:AudioImporter_EditorPlatform: d09bf68614088b80899f8185d706f6e7 -> 
  custom:video-encoder-webm-vp8: eb34c28f22e8b96e1ab97ce403110664 -> 
  custom:audio-decoder-ogg-vorbis: bf7c407c2cedff20999df2af8eb42d56 -> 
  custom:audio-encoder-webm-vorbis: bf7c407c2cedff20999df2af8eb42d56 -> 
========================================================================
Received Prepare
Refreshing native plugins compatible for Editor in 3.51 ms, found 3 plugins.
Preloading 0 native plugins for Editor in 0.00 ms.
Unloading 0 Unused Serialized files (Serialized files now loaded: 0)
Unloading 0 unused Assets / (0 B). Loaded Objects now: 4542.
Memory consumption went from 152.2 MB to 152.2 MB.
Total: 4.241200 ms (FindLiveObjects: 0.438200 ms CreateObjectMapping: 0.413700 ms MarkObjects: 3.378300 ms  DeleteObjects: 0.009500 ms)

Prepare: number of updated asset objects reloaded= 0
AssetImportParameters requested are different than current active one (requested -> active):
  custom:container-demuxer-ogg: 62fdf1f143b41e24485cea50d1cbac27 -> 
  custom:video-codec-MediaFoundation-h265: 746d11721c4dcdbdad8f713fa42b33f4 -> 
  custom:video-decoder-ogg-theora: a1e56fd34408186e4bbccfd4996cb3dc -> 
  custom:framework-win-MediaFoundation: 216162199b28c13a410421893ffa2e32 -> 
  custom:CustomObjectIndexerAttribute: 6d391050e5a25f67b0a2c618074f2cd9 -> 
  custom:container-demuxer-webm: 4f35f7cbe854078d1ac9338744f61a02 -> 
  custom:container-muxer-webm: aa71ff27fc2769a1b78a27578f13a17b -> 
  custom:video-decoder-webm-vp8: 9c59270c3fd7afecdb556c50c9e8de78 -> 
  custom:SearchIndexIgnoredProperties: e643bd26f0fe6173181afceb89e7c659 -> 
  custom:AudioImporter_EditorPlatform: d09bf68614088b80899f8185d706f6e7 -> 
  custom:video-encoder-webm-vp8: eb34c28f22e8b96e1ab97ce403110664 -> 
  custom:audio-decoder-ogg-vorbis: bf7c407c2cedff20999df2af8eb42d56 -> 
  custom:audio-encoder-webm-vorbis: bf7c407c2cedff20999df2af8eb42d56 -> 
